date,wc,f1,f2,odds_bet,edge,bet_pct,stake,profit,won,bankroll,run,odds_bucket
2014-01-15,Middleweight,Brad Tavares,Lorenz Larkin,240.0,0.3646,10.0,1000.0,2400.0,True,12400.0,S1 Train,
2014-01-15,Middleweight,Derek Brunson,Yoel Romero,190.0,0.2137,10.0,1240.0,-1240.0,False,11160.0,S1 Train,
2014-01-15,Lightweight,Justin Edwards,Ramsey Nijem,-160.0,0.129,8.06,900.04,562.52,True,11722.52,S1 Train,
2014-01-25,Lightweight,Daron Cruickshank,Mike Rio,205.0,0.0928,5.8,679.72,-679.72,False,11042.8,S1 Train,
2014-02-15,Middleweight,Gegard Mousasi,Lyoto Machida,182.5,0.2761,10.0,1104.28,-1104.28,False,9938.52,S1 Train,
2014-02-22,Lightweight,Erik Koch,Rafaello Oliveira,391.5,0.242,10.0,993.85,-993.85,False,8944.67,S1 Train,
2014-03-08,Lightweight,Melvin Guillard,Michael Johnson,140.0,0.1694,10.0,894.47,-894.47,False,8050.2,S1 Train,
2014-03-23,Middleweight,CB Dollaway,Cezar Ferreira,340.0,0.244,10.0,805.02,2737.07,True,10787.27,S1 Train,
2014-04-11,Middleweight,Thales Leites,Trevor Smith,450.0,0.1977,10.0,1078.73,-1078.73,False,9708.54,S1 Train,
2014-04-16,Middleweight,Michael Bisping,Tim Kennedy,180.0,0.2727,10.0,970.85,1747.54,True,11456.08,S1 Train,
2014-04-26,Lightweight,Jim Miller,Yancy Medeiros,170.0,0.1924,10.0,1145.61,-1145.61,False,10310.47,S1 Train,
2014-05-10,Middleweight,Constantinos Philippou,Lorenz Larkin,-170.0,0.1078,6.74,694.75,-694.75,False,9615.72,S1 Train,
2014-05-10,Lightweight,Daron Cruickshank,Erik Koch,272.5,0.2208,10.0,961.57,2620.28,True,12236.01,S1 Train,
2014-05-10,Middleweight,Ed Herman,Rafael Natal,-162.5,0.1445,9.03,1104.69,-1104.69,False,11131.32,S1 Train,
2014-05-24,Lightweight,Al Iaquinta,Mitch Clarke,365.0,0.1108,6.92,770.67,2812.94,True,13944.27,S1 Train,
2014-05-24,Lightweight,Katsunori Kikuno,Tony Ferguson,277.5,0.1758,10.0,1394.43,-1394.43,False,12549.84,S1 Train,
2014-06-07,Lightweight,Benson Henderson,Rustam Khabilov,197.5,0.1003,6.27,786.87,-786.87,False,11762.97,S1 Train,
2014-06-28,Middleweight,James Te Huna,Nate Marquardt,162.5,0.2751,10.0,1176.3,1911.48,True,13674.45,S1 Train,
2014-06-28,Middleweight,Andrew Craig,Cezar Ferreira,254.0,0.2116,10.0,1367.44,-1367.44,False,12307.0,S1 Train,
2014-07-16,Lightweight,Joe Proctor,Justin Salas,125.0,0.1655,10.0,1230.7,1538.38,True,13845.38,S1 Train,
2014-07-16,Lightweight,Edson Barboza,Evan Dunham,255.0,0.1611,10.0,1384.54,-1384.54,False,12460.84,S1 Train,
2014-07-16,Lightweight,Gleison Tibau,Pat Healy,155.0,0.1157,7.23,900.92,-900.92,False,11559.92,S1 Train,
2014-08-23,Middleweight,Francis Carmont,Thales Leites,185.0,0.2197,10.0,1155.99,2138.59,True,13698.51,S1 Train,
2014-08-23,Middleweight,Cung Le,Michael Bisping,212.5,0.1203,7.52,1029.96,-1029.96,False,12668.54,S1 Train,
2014-08-23,Lightweight,Benson Henderson,Rafael Dos Anjos,425.0,0.1363,8.52,1079.27,4586.9,True,17255.45,S1 Train,
2014-08-30,Middleweight,Derek Brunson,Lorenz Larkin,147.5,0.1113,6.96,1200.19,-1200.19,False,16055.26,S1 Train,
2014-09-27,Lightweight,Donald Cerrone,Eddie Alvarez,122.5,0.1044,6.53,1047.67,-1047.67,False,15007.59,S1 Train,
2014-09-27,Middleweight,Tim Kennedy,Yoel Romero,116.5,0.0843,5.27,790.93,921.44,True,15929.02,S1 Train,
2014-10-04,Lightweight,Anthony Njokuani,Daron Cruickshank,-120.0,0.1663,10.0,1592.9,1327.42,True,17256.44,S1 Train,
2014-11-07,Lightweight,Al Iaquinta,Ross Pearson,117.0,0.2066,10.0,1725.64,2019.0,True,19275.45,S1 Train,
2014-11-07,Middleweight,Clint Hester,Robert Whittaker,165.0,0.1789,10.0,1927.54,3180.45,True,22455.9,S1 Train,
2014-11-07,Middleweight,Luke Rockhold,Michael Bisping,415.0,0.1641,10.0,2245.59,-2245.59,False,20210.31,S1 Train,
2014-11-22,Lightweight,Isaac Vallie-Flagg,Matt Wiman,-175.0,0.1002,6.26,1265.81,723.32,True,20933.63,S1 Train,
2014-12-06,Lightweight,Abel Trujillo,Tony Ferguson,272.5,0.128,8.0,1674.74,-1674.74,False,19258.88,S1 Train,
2014-12-06,Lightweight,Anthony Pettis,Gilbert Melendez,270.0,0.1165,7.28,1402.5,-1402.5,False,17856.38,S1 Train,
2014-12-13,Lightweight,Nate Diaz,Rafael Dos Anjos,242.5,0.2035,10.0,1785.64,-1785.64,False,16070.75,S1 Train,
2015-01-03,Lightweight,Donald Cerrone,Myles Jury,112.5,0.1776,10.0,1607.07,-1607.07,False,14463.67,S1 Train,
2015-01-18,Lightweight,Benson Henderson,Donald Cerrone,120.0,0.0885,5.53,800.46,960.55,True,15424.22,S1 Train,
2015-01-31,Middleweight,Thales Leites,Tim Boetsch,265.0,0.1061,6.63,1022.72,-1022.72,False,14401.51,S1 Train,
2015-01-31,Middleweight,Rafael Natal,Tom Watson,-132.5,0.1585,9.9,1426.22,1076.39,True,15477.9,S1 Train,
2015-02-22,Lightweight,Edson Barboza,Michael Johnson,118.5,0.0833,5.21,805.64,954.68,True,16432.58,S1 Train,
2015-02-28,Middleweight,Mark Munoz,Roan Carneiro,230.0,0.2677,10.0,1643.26,3779.49,True,20212.07,S1 Train,
2015-03-14,Lightweight,Anthony Pettis,Rafael Dos Anjos,402.5,0.2474,10.0,2021.21,8135.36,True,28347.43,S1 Train,
2015-03-14,Lightweight,Ross Pearson,Sam Stout,327.5,0.1878,10.0,2834.74,-2834.74,False,25512.69,S1 Train,
2015-04-04,Lightweight,Diego Ferreira,Dustin Poirier,-149.0,0.1487,9.29,2370.84,1591.17,True,27103.86,S1 Train,
2015-05-09,Middleweight,Brad Tavares,Robert Whittaker,116.5,0.1554,9.71,2632.56,3066.94,True,30170.79,S1 Train,
2015-05-09,Middleweight,Brad Scott,Dylan Andrews,105.0,0.2222,10.0,3017.08,3167.93,True,33338.72,S1 Train,
2015-06-06,Lightweight,Dustin Poirier,Yancy Medeiros,222.5,0.1691,10.0,3333.87,-3333.87,False,30004.85,S1 Train,
2015-06-06,Middleweight,Dan Henderson,Tim Boetsch,167.5,0.1024,6.4,1920.6,3217.0,True,33221.85,S1 Train,
2015-06-13,Lightweight,Drew Dober,Efrain Escudero,117.5,0.1347,8.42,2796.95,3286.41,True,36508.26,S1 Train,
2015-06-13,Middleweight,Kelvin Gastelum,Nate Marquardt,380.0,0.083,5.19,1894.93,-1894.93,False,34613.33,S1 Train,
2015-06-27,Middleweight,Lyoto Machida,Yoel Romero,147.0,0.238,10.0,3461.33,5088.16,True,39701.49,S1 Train,
2015-07-18,Lightweight,Evan Dunham,Ross Pearson,205.0,0.1339,8.37,3323.56,6813.3,True,46514.79,S1 Train,
2015-07-25,Lightweight,Daron Cruickshank,James Krause,172.5,0.1514,9.46,4401.6,7592.76,True,54107.55,S1 Train,
2015-07-25,Lightweight,Joe Lauzon,Takanori Gomi,252.5,0.2059,10.0,5410.75,-5410.75,False,48696.79,S1 Train,
2015-08-08,Middleweight,Chris Camozzi,Tom Watson,-135.0,0.1873,10.0,4869.68,3607.17,True,52303.96,S1 Train,
2015-08-08,Middleweight,Derek Brunson,Sam Alvey,322.5,0.1417,8.85,4630.81,-4630.81,False,47673.16,S1 Train,
2015-08-23,Lightweight,Chad Laprise,Francisco Trinaldo,357.5,0.2552,10.0,4767.32,17043.15,True,64716.31,S1 Train,
2015-11-07,Lightweight,Johnny Case,Yan Cabral,175.0,0.125,7.82,5057.86,-5057.86,False,59658.45,S1 Train,
2015-11-07,Lightweight,Alex Oliveira,Piotr Hallmann,240.0,0.2813,10.0,5965.84,-5965.84,False,53692.6,S1 Train,
2015-11-21,Lightweight,Efrain Escudero,Leandro Silva,129.0,0.1042,6.51,3496.27,-3496.27,False,50196.34,S1 Train,
2015-12-10,Middleweight,Elias Theodorou,Thiago Santos,190.0,0.1763,10.0,5019.63,9537.3,True,59733.64,S1 Train,
2015-12-12,Lightweight,Kevin Lee,Leonardo Santos,435.0,0.1473,9.21,5498.87,23920.08,True,83653.73,S1 Train,
2015-12-12,Middleweight,Chris Weidman,Luke Rockhold,135.5,0.1109,6.93,5797.69,7855.87,True,91509.6,S1 Train,
2015-12-19,Middleweight,Josh Samman,Tamdan McCrory,177.5,0.1159,7.24,6625.97,11761.09,True,103270.69,S1 Train,
2015-12-19,Lightweight,Michael Johnson,Nate Diaz,307.5,0.1605,10.0,10327.07,31755.74,True,135026.42,S1 Train,
2015-12-19,Middleweight,CB Dollaway,Nate Marquardt,352.5,0.1399,8.75,11808.98,41626.64,True,176653.06,S1 Train,
2016-01-17,Lightweight,Daron Cruickshank,Paul Felder,195.0,0.1266,7.91,13974.99,-13974.99,False,162678.08,S1 Train,
2016-01-17,Lightweight,Francisco Trinaldo,Ross Pearson,131.5,0.1114,6.96,11323.37,14890.23,True,177568.31,S1 Train,
2016-01-30,Lightweight,Diego Ferreira,Olivier Aubin-Mercier,220.0,0.2147,10.0,17756.83,39065.03,True,216633.34,S1 Train,
2016-02-27,Middleweight,Chris Dempsey,Scott Askham,287.5,0.1219,7.62,16498.97,-16498.97,False,200134.37,S1 Train,
2016-02-27,Middleweight,Anderson Silva,Michael Bisping,222.5,0.2924,10.0,20013.44,44529.9,True,244664.27,S1 Train,
2016-03-05,Middleweight,Marcelo Guimaraes,Vitor Miranda,260.0,0.2653,10.0,24466.43,-24466.43,False,220197.84,S1 Train,
2016-03-05,Lightweight,Diego Sanchez,Jim Miller,157.5,0.1108,6.92,15247.53,24014.86,True,244212.7,S1 Train,
2016-03-19,Middleweight,Antonio Carlos Junior,Daniel Kelly,367.5,0.1187,7.42,18110.65,66556.63,True,310769.32,S1 Train,
2016-03-19,Lightweight,Jake Matthews,Johnny Case,102.5,0.1532,9.58,29761.36,30505.4,True,341274.72,S1 Train,
2016-04-16,Lightweight,Beneil Dariush,Michael Chiesa,143.5,0.1095,6.84,23358.73,33519.77,True,374794.5,S1 Train,
2016-04-23,Lightweight,Anthony Pettis,Edson Barboza,160.0,0.0852,5.33,19960.24,31936.39,True,406730.89,S1 Train,
2016-04-23,Lightweight,Efrain Escudero,Kevin Lee,307.5,0.1549,9.68,39371.39,-39371.39,False,367359.49,S1 Train,
2016-05-08,Lightweight,Chris Wade,Rustam Khabilov,150.0,0.1119,6.99,25681.59,-25681.59,False,341677.9,S1 Train,
2016-05-14,Lightweight,Francisco Trinaldo,Yancy Medeiros,242.5,0.1325,8.28,28293.37,-28293.37,False,313384.53,S1 Train,
2016-05-29,Middleweight,Chris Camozzi,Vitor Miranda,122.5,0.1342,8.39,26281.41,32194.73,True,345579.26,S1 Train,
2016-05-29,Lightweight,Erik Koch,Shane Campbell,118.0,0.0822,5.14,17751.65,20946.94,True,366526.2,S1 Train,
2016-06-04,Middleweight,Dan Henderson,Hector Lombard,272.5,0.1131,7.07,25916.08,70621.33,True,437147.53,S1 Train,
2016-06-18,Middleweight,Krzysztof Jotko,Tamdan McCrory,150.0,0.2136,10.0,43714.75,65572.13,True,502719.66,S1 Train,
2016-07-07,Lightweight,Eddie Alvarez,Rafael Dos Anjos,247.5,0.1129,7.05,35457.84,87758.14,True,590477.81,S1 Train,
2016-07-09,Middleweight,Gegard Mousasi,Thiago Santos,247.5,0.082,5.13,30279.12,-30279.12,False,560198.68,S1 Train,
2016-07-23,Lightweight,Edson Barboza,Gilbert Melendez,207.5,0.1683,10.0,56019.87,-56019.87,False,504178.82,S1 Train,
2016-08-06,Middleweight,Chris Camozzi,Thales Leites,155.0,0.1755,10.0,50417.88,-50417.88,False,453760.93,S1 Train,
2016-09-03,Lightweight,Leandro Silva,Rustam Khabilov,395.0,0.1665,10.0,45376.09,-45376.09,False,408384.84,S1 Train,
2016-09-03,Lightweight,Nick Hein,Tae Hyun Bang,277.5,0.1339,8.37,34180.45,-34180.45,False,374204.39,S1 Train,
2016-09-24,Lightweight,Gilbert Burns,Michel Prazeres,210.0,0.204,10.0,37420.44,78582.92,True,452787.31,S1 Train,
2016-11-05,Lightweight,Rafael Dos Anjos,Tony Ferguson,119.0,0.1602,10.0,45278.73,53881.69,True,506669.0,S1 Train,
2016-11-12,Middleweight,Chris Weidman,Yoel Romero,182.5,0.1503,9.39,47601.54,86872.81,True,593541.82,S1 Train,
2016-11-12,Lightweight,Khabib Nurmagomedov,Michael Johnson,280.0,0.1078,6.73,39975.03,-39975.03,False,553566.79,S1 Train,
2016-11-12,Middleweight,Rafael Natal,Tim Boetsch,-145.0,0.1153,7.21,39887.38,-39887.38,False,513679.4,S1 Train,
2016-11-19,Middleweight,Krzysztof Jotko,Thales Leites,115.0,0.215,10.0,51367.94,59073.13,True,572752.54,S1 Train,
2016-12-10,Lightweight,Drew Dober,Olivier Aubin-Mercier,-186.5,0.1499,9.37,53667.95,28776.38,True,601528.92,S1 Train,
2016-12-10,Middleweight,Kelvin Gastelum,Tim Kennedy,103.5,0.138,8.62,51863.53,53678.75,True,655207.67,S1 Train,
2017-02-11,Middleweight,Anderson Silva,Derek Brunson,-122.5,0.1038,6.49,42513.73,-42513.73,False,612693.94,S1 Train,
2017-02-19,Middleweight,Cezar Ferreira,Elias Theodorou,-107.5,0.1046,6.54,40046.62,37252.67,True,649946.6,S1 Train,
2017-03-11,Lightweight,Beneil Dariush,Edson Barboza,141.5,0.1705,10.0,64994.66,-64994.66,False,584951.94,S1 Train,
2017-04-08,Lightweight,Charles Oliveira,Will Brooks,177.5,0.176,10.0,58495.19,103828.97,True,688780.91,S1 Train,
2017-04-08,Middleweight,Chris Weidman,Gegard Mousasi,-111.0,0.1356,8.47,58359.26,52575.91,True,741356.83,S1 Train,
2017-05-13,Lightweight,James Vick,Marco Polo Reyes,325.0,0.1568,9.8,72663.19,-72663.19,False,668693.64,S1 Train,
2017-05-28,Middleweight,Chris Camozzi,Trevor Smith,-150.0,0.1177,7.36,49186.77,-49186.77,False,619506.87,S1 Train,
2017-06-03,Middleweight,Nate Marquardt,Vitor Belfort,159.0,0.1053,6.58,40782.05,-40782.05,False,578724.83,S1 Train,
2017-06-17,Lightweight,Jon Tuck,Takanori Gomi,315.0,0.0924,5.77,33411.46,-33411.46,False,545313.36,S1 Train,
2017-06-25,Lightweight,Clay Guida,Erik Koch,282.5,0.1913,10.0,54531.34,154051.03,True,699364.39,S1 Train,
2017-07-07,Middleweight,Brad Tavares,Elias Theodorou,-105.0,0.1271,7.94,55553.73,-55553.73,False,643810.66,S1 Train,
2017-07-08,Lightweight,Anthony Pettis,Jim Miller,197.5,0.1548,9.67,62281.67,-62281.67,False,581528.99,S1 Train,
2017-07-22,Lightweight,Chris Wade,Frankie Perez,285.0,0.2448,10.0,58152.9,-58152.9,False,523376.09,S1 Train,
2017-09-09,Lightweight,Adriano Martins,Kajan Johnson,430.0,0.3658,10.0,52337.61,225051.72,True,748427.81,S1 Train,
2017-09-16,Middleweight,David Branch,Luke Rockhold,387.5,0.087,5.44,40698.31,-40698.31,False,707729.5,S1 Train,
2017-09-22,Lightweight,Dong Hyun Ma,Takanori Gomi,292.5,0.1157,7.23,51168.05,-51168.05,False,656561.45,S1 Train,
2017-10-07,Middleweight,Brad Tavares,Thales Leites,154.0,0.1192,7.45,48907.68,-48907.68,False,607653.78,S1 Train,
2017-10-07,Lightweight,Kevin Lee,Tony Ferguson,240.0,0.2341,10.0,60765.38,-60765.38,False,546888.4,S1 Train,
2017-10-28,Middleweight,Jack Hermansson,Thiago Santos,-108.0,0.1767,10.0,54688.84,-54688.84,False,492199.56,S1 Train,
2017-10-28,Middleweight,Antonio Carlos Junior,Jack Marshman,340.5,0.0978,6.11,30080.94,-30080.94,False,462118.62,S1 Train,
2017-10-28,Lightweight,Francisco Trinaldo,Jim Miller,177.5,0.0886,5.54,25595.9,-25595.9,False,436522.73,S1 Train,
2017-11-11,Lightweight,Anthony Pettis,Dustin Poirier,-110.0,0.2089,10.0,43652.27,39683.88,True,476206.61,S1 Train,
2017-11-18,Middleweight,Daniel Kelly,Elias Theodorou,247.5,0.1719,10.0,47620.66,-47620.66,False,428585.95,S1 Train,
2017-11-18,Lightweight,Nik Lentz,Will Brooks,337.5,0.3164,10.0,42858.59,144647.76,True,573233.71,S1 Train,
2017-11-25,Middleweight,Kelvin Gastelum,Michael Bisping,234.0,0.1026,6.41,36743.29,-36743.29,False,536490.41,S1 Train,
2017-12-01,Middleweight,Eric Spicely,Gerald Meerschaert,142.5,0.0805,5.03,26992.33,-26992.33,False,509498.08,S1 Train,
2017-12-16,Lightweight,Abel Trujillo,John Makdessi,125.0,0.1693,10.0,50949.81,63687.26,True,573185.34,S1 Train,
2018-02-03,Middleweight,Anthony Smith,Thiago Santos,212.5,0.1213,7.58,43440.28,-43440.28,False,529745.06,S1 Train,
2018-02-18,Lightweight,Francisco Trinaldo,James Vick,172.5,0.1431,8.94,47370.76,-47370.76,False,482374.3,S1 Train,
2018-04-21,Lightweight,Dan Hooker,Jim Miller,252.5,0.0946,5.91,28531.74,-28531.74,False,453842.57,S1 Train,
2018-05-12,Middleweight,Jack Hermansson,Thales Leites,-132.0,0.1667,10.0,45384.26,34382.01,True,488224.58,S1 Train,
2018-05-12,Middleweight,Lyoto Machida,Vitor Belfort,-197.5,0.0846,5.29,25806.03,13066.34,True,501290.92,S1 Train,
2018-05-27,Middleweight,Daniel Kelly,Tom Breese,305.0,0.0853,5.33,26727.83,-26727.83,False,474563.09,S1 Train,
2018-05-27,Middleweight,Darren Stewart,Eric Spicely,137.5,0.1287,8.04,38168.06,52481.08,True,527044.17,S1 Train,
2018-06-01,Lightweight,Gregor Gillespie,Vinc Pichel,315.0,0.1551,9.69,51087.89,-51087.89,False,475956.28,S1 Train,
2018-07-07,Lightweight,Anthony Pettis,Michael Chiesa,149.5,0.218,10.0,47595.63,71155.46,True,547111.75,S1 Train,
2018-07-07,Lightweight,Dan Hooker,Gilbert Burns,-114.0,0.1272,7.95,43498.38,38156.48,True,585268.23,S1 Train,
2018-07-07,Lightweight,Drakkar Klose,Lando Vannata,167.5,0.1952,10.0,58526.82,98032.43,True,683300.65,S1 Train,
2018-07-28,Lightweight,Dustin Poirier,Eddie Alvarez,-154.5,0.1189,7.43,50757.28,32852.61,True,716153.26,S1 Train,
2018-07-28,Lightweight,Islam Makhachev,Kajan Johnson,445.0,0.1886,10.0,71615.33,-71615.33,False,644537.93,S1 Train,
2018-08-25,Lightweight,Drew Dober,Jon Tuck,202.5,0.1991,10.0,64453.79,-64453.79,False,580084.14,S1 Train,
2018-09-08,Middleweight,Charles Byrd,Darren Stewart,151.5,0.1312,8.2,47549.1,72036.88,True,652121.03,S1 Train,
2018-09-08,Lightweight,Alex White,Jim Miller,157.5,0.1238,7.74,50461.47,79476.82,True,731597.84,S1 Train,
2018-09-15,Lightweight,Desmond Green,Mairbek Taisumov,447.5,0.253,10.0,73159.78,-73159.78,False,658438.06,S1 Train,
2018-09-22,Lightweight,Charles Oliveira,Christos Giagos,375.0,0.1897,10.0,65843.81,-65843.81,False,592594.25,S1 Train,
2018-10-06,Lightweight,Alan Patrick,Scott Holtzman,257.5,0.194,10.0,59259.43,152593.02,True,745187.27,S1 Train,
2018-10-06,Lightweight,Anthony Pettis,Tony Ferguson,290.0,0.1704,10.0,74518.73,-74518.73,False,670668.55,S1 Train,
2018-10-06,Lightweight,Conor McGregor,Khabib Nurmagomedov,-191.5,0.1618,10.0,67066.85,35021.86,True,705690.4,S1 Train,
2018-11-03,Middleweight,Derek Brunson,Israel Adesanya,235.0,0.0808,5.05,35647.64,-35647.64,False,670042.76,S1 Train,
2018-11-03,Middleweight,David Branch,Jared Cannonier,257.5,0.2765,10.0,67004.28,172536.01,True,842578.78,S1 Train,
2018-12-01,Lightweight,Christos Giagos,Mizuto Hirota,290.0,0.1452,9.07,76450.02,-76450.02,False,766128.76,S1 Train,
2018-12-15,Middleweight,Trevor Smith,Zak Cummings,265.0,0.1903,10.0,76612.88,-76612.88,False,689515.88,S1 Train,
2018-12-15,Lightweight,Charles Oliveira,Jim Miller,260.0,0.0863,5.4,37208.72,-37208.72,False,652307.16,S1 Train,
2019-01-19,Lightweight,Gregor Gillespie,Yancy Medeiros,387.5,0.1533,9.58,62505.45,-62505.45,False,589801.71,S1 Train,
2019-02-02,Lightweight,Charles Oliveira,David Teymur,100.0,0.0859,5.37,31661.22,-31661.22,False,558140.49,S1 Train,
2019-02-09,Middleweight,Anderson Silva,Israel Adesanya,407.5,0.1048,6.55,36544.07,-36544.07,False,521596.41,S1 Train,
2019-02-23,Lightweight,Damir Hadzovic,Marco Polo Reyes,112.0,0.1345,8.41,43843.86,-43843.86,False,477752.56,S1 Train,
2019-03-09,Lightweight,Beneil Dariush,Drew Dober,-223.5,0.0998,6.24,29807.11,13336.52,True,491089.07,S1 Train,
2019-03-30,Middleweight,David Branch,Jack Hermansson,-154.5,0.1239,7.74,38029.58,24614.61,True,515703.68,S1 Train,
2019-03-30,Lightweight,Desmond Green,Ross Pearson,400.0,0.0817,5.11,26346.53,-26346.53,False,489357.15,S1 Train,
2019-03-30,Lightweight,Edson Barboza,Justin Gaethje,101.0,0.0875,5.47,26772.1,27039.83,True,516396.98,S1 Train,
2019-04-13,Middleweight,Israel Adesanya,Kelvin Gastelum,-174.0,0.0849,5.3,27391.32,15742.14,True,532139.11,S1 Train,
2019-05-18,Lightweight,Charles Oliveira,Nik Lentz,317.5,0.1756,10.0,53213.91,-53213.91,False,478925.2,S1 Train,
2019-06-01,Lightweight,Christos Giagos,Damir Hadzovic,139.0,0.0993,6.2,29709.41,41296.08,True,520221.28,S1 Train,
2019-06-01,Lightweight,Frank Camacho,Nick Hein,-127.5,0.1578,9.86,51319.46,40250.56,True,560471.84,S1 Train,
2019-06-08,Middleweight,Bevon Lewis,Darren Stewart,152.5,0.0904,5.65,31656.75,48276.55,True,608748.39,S1 Train,
2019-06-29,Lightweight,Drew Dober,Marco Polo Reyes,312.5,0.1209,7.56,46012.93,-46012.93,False,562735.46,S1 Train,
2019-07-20,Lightweight,Alexander Hernandez,Francisco Trinaldo,196.0,0.1542,9.64,54242.62,-54242.62,False,508492.84,S1 Train,
2019-08-03,Lightweight,Dong Hyun Ma,Scott Holtzman,335.0,0.1925,10.0,50849.28,-50849.28,False,457643.56,S1 Train,
2019-08-03,Lightweight,Joaquim Silva,Nasrat Haqparast,292.5,0.1382,8.64,39523.98,-39523.98,False,418119.58,S1 Train,
2019-09-07,Lightweight,Davi Ramos,Islam Makhachev,310.0,0.133,8.31,34751.36,-34751.36,False,383368.22,S1 Train,
2019-09-07,Lightweight,Diego Ferreira,Mairbek Taisumov,215.0,0.1547,9.67,37061.06,79681.28,True,463049.49,S1 Train,
2019-09-07,Middleweight,Omari Akhmedov,Zak Cummings,-130.0,0.1619,10.0,46304.95,35619.19,True,498668.69,S1 Train,
2019-10-05,Lightweight,Al Iaquinta,Dan Hooker,-132.5,0.0868,5.43,27052.9,20417.28,True,519085.97,S1 Train,
2019-10-12,Middleweight,Andrew Sanchez,Marvin Vettori,305.0,0.0947,5.92,30726.74,-30726.74,False,488359.23,S1 Train,
2019-11-02,Lightweight,Gregor Gillespie,Kevin Lee,143.5,0.1847,10.0,48835.92,70079.55,True,558438.78,S1 Train,
2019-11-02,Middleweight,Brad Tavares,Edmen Shahbazyan,-174.5,0.1005,6.28,35061.53,20092.57,True,578531.34,S1 Train,
2019-11-09,Lightweight,Alexander Yakovlev,Roosevelt Roberts,-134.5,0.1575,9.84,56932.75,42329.18,True,620860.52,S1 Train,
2019-11-16,Lightweight,Charles Oliveira,Jared Gordon,310.0,0.2203,10.0,62086.05,-62086.05,False,558774.47,S1 Train,
2020-01-18,Lightweight,Drew Dober,Nasrat Haqparast,267.5,0.1221,7.63,42626.0,114024.54,True,672799.01,S1 Train,
2020-03-14,Lightweight,Charles Oliveira,Kevin Lee,-141.0,0.1411,8.82,59329.37,-59329.37,False,613469.65,S1 Train,
2020-03-14,Lightweight,Damir Hadzovic,Renato Moicano,347.5,0.1899,10.0,61346.96,-61346.96,False,552122.68,S1 Train,
2020-03-14,Lightweight,Francisco Trinaldo,John Makdessi,135.5,0.2166,10.0,55212.27,-55212.27,False,496910.41,S1 Train,
2020-05-09,Lightweight,Justin Gaethje,Tony Ferguson,195.0,0.1517,9.48,47114.87,91874.0,True,588784.41,S1 Train,
2020-05-16,Middleweight,Anthony Hernandez,Kevin Holland,-106.5,0.1255,7.84,46187.85,43368.87,True,632153.28,S1 Train,
2020-06-06,Middleweight,Gerald Meerschaert,Ian Heinisch,-141.5,0.0948,5.93,37458.9,26472.72,True,658626.01,S1 Train,
2020-06-27,Lightweight,Dan Hooker,Dustin Poirier,192.5,0.1261,7.88,51894.22,-51894.22,False,606731.79,S1 Train,
2020-07-25,Middleweight,Darren Till,Robert Whittaker,-166.0,0.0884,5.53,33531.61,20199.77,True,626931.56,S1 Train,
2020-08-01,Middleweight,Derek Brunson,Edmen Shahbazyan,292.5,0.0855,5.34,33488.28,97953.23,True,724884.79,S1 Train,
2020-08-08,Middleweight,Chris Weidman,Omari Akhmedov,130.0,0.1043,6.52,47257.82,-47257.82,False,677626.97,S1 Train,
2020-08-08,Middleweight,Darren Stewart,Maki Pitolo,157.5,0.144,9.0,60967.91,-60967.91,False,616659.06,S1 Train,
2020-09-05,Middleweight,Andre Muniz,Bartosz Fabinski,132.5,0.1928,10.0,61665.91,81707.33,True,698366.39,S1 Train,
2020-10-24,Middleweight,Jared Cannonier,Robert Whittaker,100.5,0.2639,10.0,69836.64,70185.82,True,768552.21,S1 Train,
2020-10-31,Lightweight,Alexander Hernandez,Chris Gruetzemacher,362.5,0.2408,10.0,76855.22,-76855.22,False,691696.99,S1 Train,
2020-10-31,Middleweight,Anderson Silva,Uriah Hall,217.5,0.1677,10.0,69169.7,-69169.7,False,622527.29,S1 Train,
2020-12-12,Lightweight,Charles Oliveira,Tony Ferguson,145.5,0.1303,8.14,50697.74,73765.21,True,696292.5,S1 Train,
2021-01-16,Middleweight,Alessio Di Chirico,Joaquin Buckley,230.0,0.15,9.38,65287.67,150161.64,True,846454.14,S1 Train,
2021-01-23,Lightweight,Conor McGregor,Dustin Poirier,249.5,0.3291,10.0,84645.41,211190.31,True,1057644.45,S1 Train,
2021-02-13,Middleweight,Ian Heinisch,Kelvin Gastelum,166.0,0.1685,10.0,105764.45,-105764.45,False,951880.01,S1 Train,
2021-02-13,Middleweight,Julian Marquez,Maki Pitolo,139.0,0.1021,6.38,60725.82,-60725.82,False,891154.19,S1 Train,
2021-02-27,Lightweight,Alexander Hernandez,Thiago Moises,181.0,0.1967,10.0,89115.42,161298.91,True,1052453.1,S1 Train,
2021-03-20,Middleweight,Derek Brunson,Kevin Holland,168.5,0.0852,5.32,56038.36,94424.64,True,1146877.73,S1 Train,
2021-04-10,Middleweight,Kevin Holland,Marvin Vettori,257.5,0.0845,5.28,60539.22,-60539.22,False,1086338.52,S1 Train,
2021-04-24,Middleweight,Brendan Allen,Karl Roberson,-152.5,0.0915,5.72,62118.57,40733.49,True,1127072.01,S1 Train,
2021-05-15,Lightweight,Beneil Dariush,Tony Ferguson,-154.5,0.0999,6.24,70349.22,45533.48,True,1172605.48,S1 Train,
2021-05-22,Middleweight,Edmen Shahbazyan,Jack Hermansson,118.5,0.2036,10.0,117260.55,-117260.55,False,1055344.94,S1 Train,
2021-06-12,Middleweight,Israel Adesanya,Marvin Vettori,202.5,0.2543,10.0,105534.49,-105534.49,False,949810.44,S1 Train,
2021-06-12,Lightweight,Brad Riddell,Drew Dober,124.0,0.2203,10.0,94981.04,117776.49,True,1067586.94,S1 Train,
2021-07-10,Lightweight,Conor McGregor,Dustin Poirier,-132.0,0.0836,5.22,55749.11,42234.17,True,1109821.11,S1 Train,
2021-07-31,Middleweight,Sean Strickland,Uriah Hall,-211.5,0.0887,5.55,61544.31,29098.96,True,1138920.07,S1 Train,
2021-08-21,Lightweight,Austin Hubbard,Vinc Pichel,118.5,0.1335,8.34,94999.42,-94999.42,False,1043920.65,S1 Train,
2021-09-04,Middleweight,Darren Till,Derek Brunson,132.0,0.1511,9.45,98609.99,130165.19,True,1174085.84,S1 Train,
2021-09-25,Middleweight,Nick Diaz,Robbie Lawler,135.0,0.157,9.81,115189.83,-115189.83,False,1058896.01,S1 Train,
2021-11-13,Lightweight,Joel Alvarez,Thiago Moises,215.0,0.1879,10.0,105889.6,227662.64,True,1286558.65,S1 Train,
2021-12-11,Middleweight,Andre Muniz,Eryk Anders,162.5,0.1013,6.33,81456.24,-81456.24,False,1205102.41,S1 Train,
2021-12-18,Middleweight,Dustin Stoltzfus,Gerald Meerschaert,200.0,0.1949,10.0,120510.24,-120510.24,False,1084592.17,S1 Train,
2021-12-18,Lightweight,Jordan Leavitt,Matt Sayles,-140.0,0.1266,7.91,85828.05,61305.75,True,1145897.92,S1 Train,
2022-02-12,Middleweight,Derek Brunson,Jared Cannonier,140.0,0.1157,7.23,82875.72,-82875.72,False,1063022.2,S1 Train,
2022-02-12,Middleweight,Israel Adesanya,Robert Whittaker,237.5,0.2649,10.0,106302.22,-106302.22,False,956719.98,S1 Train,
2022-03-12,Lightweight,Drew Dober,Terrance McKinney,132.5,0.1632,10.0,95672.0,-95672.0,False,861047.98,S1 Train,
2022-04-16,Lightweight,Jesse Ronson,Rafa Garcia,120.0,0.1774,10.0,86104.8,103325.76,True,964373.74,S1 Train,
2022-05-07,Lightweight,Charles Oliveira,Justin Gaethje,123.0,0.0801,5.01,48277.13,-48277.13,False,916096.6,S1 Train,
2022-05-07,Lightweight,Michael Chandler,Tony Ferguson,290.0,0.1875,10.0,91609.66,-91609.66,False,824486.94,S1 Train,
2022-05-14,Lightweight,Alan Patrick,Michael Johnson,-154.5,0.0921,5.76,47477.44,30729.74,True,855216.68,S1 Train,
2022-05-21,Lightweight,Omar Morales,Uros Medic,112.5,0.2079,10.0,85521.67,96211.88,True,951428.56,S1 Train,
2022-06-11,Middleweight,Brendan Allen,Jacob Malkoun,240.0,0.0984,6.15,58523.68,-58523.68,False,892904.88,S1 Train,
2022-06-18,Middleweight,Gregory Rodrigues,Julian Marquez,142.5,0.1076,6.73,60049.58,-60049.58,False,832855.29,S1 Train,
2022-06-18,Middleweight,Kyle Daukaus,Roman Dolidze,220.0,0.2638,10.0,83285.53,183228.16,True,1016083.46,S1 Train,
2022-06-25,Lightweight,Arman Tsarukyan,Mateusz Gamrot,210.0,0.1214,7.59,77087.3,161883.34,True,1177966.8,S1 Train,
2022-06-25,Lightweight,Christos Giagos,Thiago Moises,197.5,0.1782,10.0,117796.68,-117796.68,False,1060170.12,S1 Train,
2022-07-02,Lightweight,Brad Riddell,Jalin Turner,-155.5,0.1097,6.86,72679.19,46739.03,True,1106909.15,S1 Train,
2022-07-09,Lightweight,Rafael Dos Anjos,Rafael Fiziev,173.5,0.1251,7.82,86543.74,-86543.74,False,1020365.41,S1 Train,
2022-07-23,Lightweight,Ludovit Klein,Mason Jones,335.0,0.2467,10.0,102036.54,341822.41,True,1362187.82,S1 Train,
2022-07-23,Lightweight,Jai Herbert,Kyle Nelson,229.0,0.2843,10.0,136218.78,-136218.78,False,1225969.03,S1 Train,
2022-07-23,Middleweight,Chris Curtis,Jack Hermansson,-108.5,0.0861,5.38,66010.15,60838.85,True,1286807.88,S1 Train,
2022-07-30,Lightweight,Drakkar Klose,Rafa Garcia,176.0,0.1427,8.92,114790.85,-114790.85,False,1172017.04,S1 Train,
2022-07-30,Lightweight,Drew Dober,Rafael Alves,165.0,0.2466,10.0,117201.7,-117201.7,False,1054815.34,S1 Train,
2022-08-20,Middleweight,Luke Rockhold,Paulo Costa,285.0,0.2488,10.0,105481.53,-105481.53,False,949333.8,S1 Train,
2022-09-03,Lightweight,John Makdessi,Nasrat Haqparast,200.0,0.1973,10.0,94933.38,-94933.38,False,854400.42,S1 Train,
2022-09-03,Middleweight,Marvin Vettori,Robert Whittaker,180.0,0.1671,10.0,85440.04,-85440.04,False,768960.38,S1 Train,
2022-09-17,Middleweight,Chidi Njokuani,Gregory Rodrigues,106.0,0.1044,6.52,50162.33,53172.07,True,822132.45,S1 Train,
2022-10-01,Middleweight,Brendan Allen,Krzysztof Jotko,102.5,0.1893,10.0,82213.24,84268.58,True,906401.02,S1 Train,
2022-10-22,Lightweight,Beneil Dariush,Mateusz Gamrot,195.0,0.1771,10.0,90640.1,176748.2,True,1083149.22,S1 Train,
2022-10-22,Lightweight,Charles Oliveira,Islam Makhachev,-205.5,0.0874,5.46,59189.01,28802.44,True,1111951.66,S1 Train,
2022-11-12,Middleweight,Alex Pereira,Israel Adesanya,317.5,0.1366,8.54,94922.29,301378.28,True,1413329.94,S1 Train,
2022-11-12,Lightweight,Brad Riddell,Renato Moicano,-138.5,0.1462,9.14,129128.76,93233.76,True,1506563.7,S1 Train,
2022-11-12,Lightweight,Claudio Puelles,Dan Hooker,132.0,0.1466,9.16,138010.55,-138010.55,False,1368553.15,S1 Train,
2022-12-03,Lightweight,Marc Diakiese,Michael Johnson,270.0,0.1341,8.38,114659.2,309579.85,True,1678133.0,S1 Train,
2022-12-03,Middleweight,Jack Hermansson,Roman Dolidze,177.5,0.2913,10.0,167813.3,297868.61,True,1976001.6,S1 Train,
2022-12-10,Middleweight,Darren Till,Dricus Du Plessis,-201.0,0.0804,5.03,99306.99,49406.46,True,2025408.07,S1 Train,
2022-12-10,Lightweight,Jared Gordon,Paddy Pimblett,212.5,0.2886,10.0,202540.81,-202540.81,False,1822867.26,S1 Train,
2023-02-25,Middleweight,Andre Muniz,Brendan Allen,187.5,0.1461,9.13,166443.64,312081.83,True,2134949.09,S1 Train,
2023-03-04,Middleweight,Julian Marquez,Marc-Andre Barriault,122.5,0.1409,8.81,188067.74,-188067.74,False,1946881.35,S1 Train,
2023-03-18,Middleweight,Marvin Vettori,Roman Dolidze,324.0,0.1621,10.0,194688.14,-194688.14,False,1752193.22,S1 Train,
2023-04-08,Middleweight,Chris Curtis,Kelvin Gastelum,110.0,0.1044,6.53,114380.03,-114380.03,False,1637813.19,S1 Train,
2023-04-15,Lightweight,Clay Guida,Rafa Garcia,240.0,0.0829,5.18,84843.61,-84843.61,False,1552969.58,S1 Train,
2023-04-22,Middleweight,Brad Tavares,Bruno Silva,137.5,0.2498,10.0,155296.96,213533.32,True,1766502.9,S1 Train,
2023-04-29,Middleweight,Cody Brundage,Rodolfo Vieira,196.5,0.1906,10.0,176650.29,-176650.29,False,1589852.61,S1 Train,
2023-05-06,Lightweight,Drew Dober,Matt Frevola,187.5,0.2745,10.0,158985.26,298097.36,True,1887949.97,S1 Train,
2023-05-20,Middleweight,Anthony Hernandez,Edmen Shahbazyan,172.0,0.2116,10.0,188795.0,-188795.0,False,1699154.97,S1 Train,
2023-06-24,Middleweight,Brendan Allen,Bruno Silva,170.0,0.0916,5.72,97267.58,-97267.58,False,1601887.39,S1 Train,
2023-07-08,Middleweight,Dricus Du Plessis,Robert Whittaker,280.0,0.3472,10.0,160188.74,448528.47,True,2050415.86,S1 Train,
2023-07-22,Lightweight,Joel Alvarez,Marc Diakiese,172.5,0.1236,7.73,158443.17,-158443.17,False,1891972.69,S1 Train,
2023-07-22,Lightweight,Fares Ziam,Jai Herbert,-167.5,0.148,9.25,174994.33,104474.23,True,1996446.92,S1 Train,
2023-08-12,Middleweight,Jamie Pickett,Josh Fremd,260.0,0.1001,6.25,124844.02,-124844.02,False,1871602.9,S1 Train,
2023-08-19,Lightweight,Austin Hubbard,Kurt Holobaugh,-174.0,0.0921,5.76,107771.48,-107771.48,False,1763831.42,S1 Train,
2023-08-19,Middleweight,Brad Tavares,Chris Weidman,190.0,0.1192,7.45,131426.78,-131426.78,False,1632404.64,S1 Train,
2023-09-16,Middleweight,Josh Fremd,Roman Kopylov,327.5,0.2976,10.0,163240.46,-163240.46,False,1469164.18,S1 Train,
2023-10-07,Lightweight,Drew Dober,Ricky Glenn,330.0,0.2746,10.0,146916.42,-146916.42,False,1322247.76,S1 Train,
2023-10-21,Lightweight,Alexander Volkanovski,Islam Makhachev,205.0,0.1244,7.78,102821.25,-102821.25,False,1219426.51,S1 Train,
2023-11-18,Lightweight,Chase Hooper,Jordan Leavitt,162.5,0.1397,8.73,106498.4,-106498.4,False,1112928.11,S1 Train,
2023-12-02,Lightweight,Clay Guida,Joaquim Silva,262.5,0.2644,10.0,111292.81,-111292.81,False,1001635.3,S1 Train,
2023-12-09,Lightweight,Jamie Mullarkey,Nasrat Haqparast,160.0,0.1739,10.0,100163.53,-100163.53,False,901471.77,S1 Train,
2024-01-13,Lightweight,Gabriel Benitez,Jim Miller,131.5,0.0824,5.15,515.1,-515.1,False,9484.9,S1 Val,
2024-02-17,Middleweight,Paulo Costa,Robert Whittaker,179.5,0.1012,6.32,599.79,-599.79,False,8885.11,S1 Val,
2024-02-17,Middleweight,Anthony Hernandez,Roman Kopylov,177.5,0.173,10.0,888.51,-888.51,False,7996.6,S1 Val,
2024-03-02,Middleweight,Christian Leroy Duncan,Claudio Ribeiro,305.0,0.1401,8.75,700.02,-700.02,False,7296.58,S1 Val,
2024-03-02,Middleweight,Eryk Anders,Jamie Pickett,380.0,0.3347,10.0,729.66,-729.66,False,6566.92,S1 Val,
2024-03-09,Lightweight,Mateusz Gamrot,Rafael Dos Anjos,362.5,0.1496,9.35,613.82,-613.82,False,5953.11,S1 Val,
2024-03-16,Lightweight,Mike Davis,Natan Levy,370.0,0.3202,10.0,595.31,-595.31,False,5357.8,S1 Val,
2024-03-23,Middleweight,AJ Dobson,Edmen Shahbazyan,160.0,0.0985,6.15,329.76,-329.76,False,5028.04,S1 Val,
2024-03-23,Lightweight,Kurt Holobaugh,Trey Ogden,-137.5,0.1483,9.27,465.91,338.85,True,5366.88,S1 Val,
2024-03-30,Middleweight,Andre Petroski,Jacob Malkoun,197.5,0.1712,10.0,536.69,-536.69,False,4830.2,S1 Val,
2024-03-30,Middleweight,Bruno Silva,Chris Weidman,150.0,0.1995,10.0,483.02,724.53,True,5554.73,S1 Val,
2024-04-13,Lightweight,Justin Gaethje,Max Holloway,142.5,0.3376,10.0,555.47,791.55,True,6346.27,S1 Val,
2024-04-13,Lightweight,Jalin Turner,Renato Moicano,205.0,0.0807,5.04,320.05,656.1,True,7002.37,S1 Val,
2024-05-04,Lightweight,Ismael Bonfim,Vinc Pichel,415.0,0.2215,10.0,700.24,-700.24,False,6302.14,S1 Val,
2024-05-04,Middleweight,Ihor Potieria,Michel Pereira,412.5,0.2117,10.0,630.21,-630.21,False,5671.92,S1 Val,
2024-05-11,Lightweight,Esteban Ribovics,Terrance McKinney,130.0,0.117,7.31,414.74,-414.74,False,5257.19,S1 Val,
2024-05-11,Lightweight,Diego Ferreira,Mateusz Rebecki,340.0,0.1287,8.04,422.88,1437.8,True,6694.98,S1 Val,
2024-05-18,Middleweight,Abus Magomedov,Warlley Alves,242.5,0.187,10.0,669.5,-669.5,False,6025.48,S1 Val,
2024-06-01,Lightweight,Grant Dawson,Joe Solecki,390.0,0.2908,10.0,602.55,-602.55,False,5422.94,S1 Val,
2024-06-01,Middleweight,Kevin Holland,Michal Oleksiejczuk,235.0,0.2224,10.0,542.29,-542.29,False,4880.64,S1 Val,
2024-06-08,Middleweight,Jared Cannonier,Nassourdine Imavov,-125.0,0.1126,7.04,343.51,274.81,True,5155.45,S1 Val,
2024-06-22,Middleweight,Daniel Rodriguez,Kelvin Gastelum,167.5,0.1899,10.0,515.55,-515.55,False,4639.91,S1 Val,
2024-07-20,Lightweight,Loik Radzhabov,Trey Ogden,112.5,0.1583,9.89,459.09,516.48,True,5156.38,S1 Val,
2024-08-03,Lightweight,Elves Brener,Joel Alvarez,127.5,0.1505,9.41,485.01,-485.01,False,4671.37,S1 Val,
2024-08-24,Middleweight,Edmen Shahbazyan,Gerald Meerschaert,260.0,0.0892,5.58,260.44,677.16,True,5348.53,S1 Val,
2024-09-28,Middleweight,Brendan Allen,Nassourdine Imavov,175.0,0.0977,6.11,326.76,-326.76,False,5021.77,S1 Val,
2024-09-28,Lightweight,Fares Ziam,Matt Frevola,-126.0,0.1795,10.0,502.18,398.55,True,5420.33,S1 Val,
2024-10-05,Middleweight,Cesar Almeida,Ihor Potieria,340.0,0.2848,10.0,542.03,-542.03,False,4878.29,S1 Val,
2024-10-05,Middleweight,Kevin Holland,Roman Dolidze,-152.0,0.0816,5.1,248.74,-248.74,False,4629.56,S1 Val,
2024-10-12,Lightweight,Grant Dawson,Rafa Garcia,282.5,0.3383,10.0,462.96,-462.96,False,4166.6,S1 Val,
2024-10-19,Middleweight,Anthony Hernandez,Michel Pereira,123.0,0.1143,7.14,297.6,-297.6,False,3869.01,S1 Val,
2024-10-26,Middleweight,Bruno Silva,Ismail Naurdiev,-165.0,0.1447,9.04,349.93,212.08,True,4081.08,S1 Val,
2024-11-02,Middleweight,Dustin Stoltzfus,Marc-Andre Barriault,205.0,0.3071,10.0,408.11,836.62,True,4917.71,S1 Val,
2024-11-16,Lightweight,Charles Oliveira,Michael Chandler,207.5,0.1462,9.14,449.5,-449.5,False,4468.21,S1 Val,
2024-11-16,Lightweight,Damon Jackson,Jim Miller,185.0,0.1977,10.0,446.82,826.62,True,5294.82,S1 Val,
2024-12-14,Lightweight,Michael Johnson,Ottman Azaitar,197.5,0.1363,8.52,450.93,-450.93,False,4843.9,S1 Val,
2024-12-14,Lightweight,Drakkar Klose,Joel Alvarez,382.5,0.2254,10.0,484.39,-484.39,False,4359.51,S1 Val,
2025-01-11,Lightweight,Thiago Moises,Trey Ogden,131.0,0.112,7.0,305.04,-305.04,False,4054.47,S1 Val,
2025-02-01,Lightweight,Damir Hadzovic,Terrance McKinney,430.0,0.085,5.31,215.32,-215.32,False,3839.15,S1 Val,
2025-02-01,Middleweight,Israel Adesanya,Nassourdine Imavov,140.0,0.22,10.0,383.91,537.48,True,4376.63,S1 Val,
2025-02-15,Middleweight,Andre Petroski,Rodolfo Vieira,222.5,0.2629,10.0,437.66,973.8,True,5350.42,S1 Val,
2025-02-15,Middleweight,Dylan Budka,Edmen Shahbazyan,426.5,0.2747,10.0,535.04,-535.04,False,4815.38,S1 Val,
2025-02-22,Middleweight,Anthony Hernandez,Brendan Allen,260.0,0.1486,9.28,447.09,-447.09,False,4368.29,S1 Val,
2025-03-08,Lightweight,King Green,Mauricio Ruffy,395.0,0.2821,10.0,436.83,-436.83,False,3931.46,S1 Val,
2025-03-08,Middleweight,Armen Petrosyan,Brunno Ferreira,112.0,0.1163,7.27,285.66,319.94,True,4251.39,S1 Val,
2025-03-29,Lightweight,Rafa Garcia,Vinc Pichel,265.0,0.2079,10.0,425.14,-425.14,False,3826.26,S1 Val,
2025-04-05,Middleweight,Brad Tavares,Gerald Meerschaert,139.5,0.1062,6.64,253.95,-253.95,False,3572.3,S1 Val,
2025-04-12,Middleweight,Marco Tulio,Tresean Gore,392.5,0.2483,10.0,357.23,-357.23,False,3215.07,S1 Val,
2025-04-12,Middleweight,Michal Oleksiejczuk,Sedriques Dumas,157.5,0.2015,10.0,321.51,-321.51,False,2893.57,S1 Val,
2025-04-26,Middleweight,Andre Muniz,Ikram Aliskerov,330.0,0.1862,10.0,289.36,-289.36,False,2604.21,S1 Val,
2025-05-31,Lightweight,Ludovit Klein,Mateusz Gamrot,135.0,0.211,10.0,260.42,-260.42,False,2343.79,S1 Val,
2025-06-21,Lightweight,Nazim Sadykhov,Nikolas Motta,340.0,0.2581,10.0,234.38,-234.38,False,2109.41,S1 Val,
2025-06-28,Lightweight,Beneil Dariush,Renato Moicano,-133.0,0.1031,6.45,135.96,-135.96,False,1973.45,S1 Val,
2025-06-28,Lightweight,Charles Oliveira,Ilia Topuria,312.5,0.0802,5.01,98.89,-98.89,False,1874.56,S1 Val,
2025-06-28,Middleweight,Gregory Rodrigues,Jack Hermansson,177.5,0.1473,9.21,172.57,-172.57,False,1702.0,S1 Val,
2025-07-19,Middleweight,Brendan Allen,Marvin Vettori,200.0,0.1425,8.9,151.55,-151.55,False,1550.45,S1 Val,
2025-07-19,Lightweight,Dustin Poirier,Max Holloway,-116.0,0.1317,8.23,127.59,109.99,True,1660.44,S1 Val,
2025-08-02,Lightweight,Chris Duncan,Mateusz Rebecki,190.0,0.1253,7.83,130.0,247.0,True,1907.45,S1 Val,
2025-08-02,Lightweight,Elves Brener,Esteban Ribovics,210.0,0.0882,5.51,105.18,-105.18,False,1802.27,S1 Val,
2025-08-02,Middleweight,Rodolfo Vieira,Tresean Gore,197.5,0.1185,7.41,133.48,-133.48,False,1668.79,S1 Val,
2025-08-16,Middleweight,Dricus Du Plessis,Khamzat Chimaev,185.0,0.1371,8.57,142.97,-142.97,False,1525.82,S1 Val,
2025-08-16,Middleweight,Jared Cannonier,Michael Page,175.5,0.1425,8.91,135.92,-135.92,False,1389.9,S1 Val,
2025-08-16,Lightweight,Drakkar Klose,Edson Barboza,-106.5,0.0975,6.1,84.72,79.55,True,1469.45,S1 Val,
2025-09-06,Lightweight,Bolaji Oki,Mason Jones,122.5,0.2076,10.0,146.94,-146.94,False,1322.5,S1 Val,
2025-09-13,Middleweight,Dusko Todorovic,Jose Daniel Medina,300.0,0.2261,10.0,132.25,-132.25,False,1190.25,S1 Val,
2025-09-13,Middleweight,Dustin Stoltzfus,Kelvin Gastelum,184.5,0.1714,10.0,119.03,-119.03,False,1071.23,S1 Val,
2025-09-13,Lightweight,Jared Gordon,Rafa Garcia,147.5,0.1809,10.0,107.12,158.01,True,1229.23,S1 Val,
2025-10-18,Lightweight,Drew Dober,Kyle Prepolec,270.0,0.1459,9.12,112.13,-112.13,False,1117.11,S1 Val,
2025-10-18,Middleweight,Brendan Allen,Reinier de Ridder,182.5,0.2733,10.0,111.71,203.87,True,1320.98,S1 Val,
2025-10-25,Middleweight,Ikram Aliskerov,JunYong Park,165.0,0.2307,10.0,132.1,-132.1,False,1188.88,S1 Val,
2025-11-08,Lightweight,Chris Padilla,Ismael Bonfim,-10.0,0.4496,10.0,118.89,-118.89,False,1069.99,S1 Val,
2025-11-15,Middleweight,Gerald Meerschaert,Kyle Daukaus,367.5,0.2198,10.0,107.0,-107.0,False,962.99,S1 Val,
2025-12-06,Lightweight,Grant Dawson,Manuel Torres,210.0,0.2039,10.0,96.3,202.23,True,1165.22,S1 Val,
2025-12-06,Lightweight,Edson Barboza,Jalin Turner,350.0,0.129,8.06,93.96,-93.96,False,1071.26,S1 Val,
2025-12-06,Middleweight,Brunno Ferreira,Marvin Vettori,109.0,0.151,9.44,101.11,110.21,True,1181.47,S1 Val,
2026-01-31,Lightweight,Benoit Saint Denis,Dan Hooker,300.0,0.0841,5.26,62.1,-62.1,False,1119.37,S1 Val,
2014-02-22,Bantamweight,Ronda Rousey,Sara McMann,325.0,0.2433,2.0,200.0,-200.0,False,9800.0,S2 Train,+301–350
2014-03-01,Welterweight,Dong Hyun Kim,John Hathaway,260.0,0.197,2.0,196.0,-196.0,False,9604.0,S2 Train,+251–300
2014-03-15,Lightweight,Diego Sanchez,Myles Jury,152.5,0.0558,2.0,192.08,-192.08,False,9411.92,S2 Train,+151–200
2014-03-15,Welterweight,Hector Lombard,Jake Shields,152.5,0.0835,2.0,188.24,-188.24,False,9223.68,S2 Train,+151–200
2014-03-23,Middleweight,CB Dollaway,Cezar Ferreira,340.0,0.244,2.0,184.47,627.21,True,9850.89,S2 Train,+301–350
2014-03-23,Heavyweight,Dan Henderson,Mauricio Rua,147.5,0.032,2.0,197.02,290.6,True,10141.49,S2 Train,+100–150
2014-03-23,Heavyweight,Fabio Maldonado,Gian Villante,255.0,0.1977,2.0,202.83,517.22,True,10658.71,S2 Train,+251–300
2014-03-23,Flyweight,Jussier Formiga,Scott Jorgensen,167.5,0.0686,2.0,213.17,357.07,True,11015.78,S2 Train,+151–200
2014-04-19,Lightweight,Donald Cerrone,Edson Barboza,155.0,0.0688,2.0,220.32,341.49,True,11357.27,S2 Train,+151–200
2014-04-19,Middleweight,Brad Tavares,Yoel Romero,134.0,0.0601,2.0,227.15,304.37,True,11661.64,S2 Train,+100–150
2014-05-10,Lightweight,Daron Cruickshank,Erik Koch,272.5,0.2208,2.0,233.23,635.56,True,12297.2,S2 Train,+251–300
2014-05-24,Lightweight,Francisco Trinaldo,Michael Chiesa,135.0,0.0304,2.0,245.94,-245.94,False,12051.26,S2 Train,+100–150
2014-05-24,Lightweight,Katsunori Kikuno,Tony Ferguson,277.5,0.1758,2.0,241.03,-241.03,False,11810.23,S2 Train,+251–300
2014-05-31,Featherweight,Andy Ogle,Maximo Blanco,202.5,0.1149,2.0,236.2,-236.2,False,11574.03,S2 Train,+201–250
2014-05-31,Middleweight,CB Dollaway,Francis Carmont,155.0,0.0758,2.0,231.48,358.79,True,11932.82,S2 Train,+151–200
2014-06-07,Lightweight,Benson Henderson,Rustam Khabilov,197.5,0.1003,2.0,238.66,-238.66,False,11694.16,S2 Train,+151–200
2014-06-14,Heavyweight,Ovince Saint Preux,Ryan Jimmo,151.5,0.096,2.0,233.88,-233.88,False,11460.28,S2 Train,+151–200
2014-06-28,Middleweight,Andrew Craig,Cezar Ferreira,254.0,0.2116,2.0,229.21,-229.21,False,11231.08,S2 Train,+251–300
2014-06-28,Featherweight,Charles Oliveira,Hatsu Hioki,177.5,0.0895,2.0,224.62,-224.62,False,11006.45,S2 Train,+151–200
2014-07-16,Lightweight,Edson Barboza,Evan Dunham,255.0,0.1611,2.0,220.13,-220.13,False,10786.32,S2 Train,+251–300
2014-07-19,Heavyweight,Cody Donovan,Nikita Krylov,113.5,-0.0314,2.0,215.73,-215.73,False,10570.6,S2 Train,+100–150
2014-08-23,Middleweight,Cung Le,Michael Bisping,212.5,0.1203,2.0,211.41,-211.41,False,10359.19,S2 Train,+201–250
2014-08-23,Welterweight,Dong Hyun Kim,Tyron Woodley,179.5,0.1348,2.0,207.18,-207.18,False,10152.0,S2 Train,+151–200
2014-09-20,Welterweight,Amir Sadollah,Yoshihiro Akiyama,142.5,0.0584,2.0,203.04,-203.04,False,9948.96,S2 Train,+100–150
2014-09-27,Featherweight,Conor McGregor,Dustin Poirier,227.5,0.1825,2.0,198.98,-198.98,False,9749.98,S2 Train,+201–250
2014-10-25,Featherweight,Chad Mendes,Jose Aldo,185.0,0.1381,2.0,195.0,-195.0,False,9554.98,S2 Train,+151–200
2014-11-15,Welterweight,Jake Ellenberger,Kelvin Gastelum,140.0,0.027,2.0,191.1,-191.1,False,9363.88,S2 Train,+100–150
2014-12-13,Lightweight,Nate Diaz,Rafael Dos Anjos,242.5,0.2035,2.0,187.28,-187.28,False,9176.61,S2 Train,+201–250
2015-01-03,Middleweight,Brad Tavares,Nate Marquardt,112.5,-0.0172,2.0,183.53,-183.53,False,8993.07,S2 Train,+100–150
2015-01-24,Heavyweight,Alexander Gustafsson,Anthony Johnson,247.5,0.208,2.0,179.86,445.16,True,9438.23,S2 Train,+201–250
2015-02-22,Heavyweight,Antonio Silva,Frank Mir,145.0,0.0428,2.0,188.76,273.71,True,9711.94,S2 Train,+100–150
2015-03-14,Lightweight,Beneil Dariush,Daron Cruickshank,105.0,-0.0025,2.0,194.24,203.95,True,9915.89,S2 Train,+100–150
2015-04-18,Middleweight,Luke Rockhold,Lyoto Machida,127.5,0.0119,2.0,198.32,-198.32,False,9717.57,S2 Train,+100–150
2015-04-25,Middleweight,CB Dollaway,Michael Bisping,130.0,0.034,2.0,194.35,-194.35,False,9523.22,S2 Train,+100–150
2015-05-16,Middleweight,Luke Barnatt,Mark Munoz,117.5,-0.0222,2.0,190.46,223.8,True,9747.02,S2 Train,+100–150
2015-05-23,Welterweight,Dong Hyun Kim,Joshua Burkman,180.0,0.0797,2.0,194.94,-194.94,False,9552.08,S2 Train,+151–200
2015-05-30,Welterweight,Carlos Condit,Thiago Alves,282.5,0.1991,2.0,191.04,-191.04,False,9361.04,S2 Train,+251–300
2015-05-30,Featherweight,Charles Oliveira,Nik Lentz,220.0,0.1534,2.0,187.22,-187.22,False,9173.81,S2 Train,+201–250
2015-06-06,Lightweight,Dustin Poirier,Yancy Medeiros,222.5,0.1691,2.0,183.48,-183.48,False,8990.34,S2 Train,+201–250
2015-06-06,Middleweight,Dan Henderson,Tim Boetsch,167.5,0.1024,2.0,179.81,301.18,True,9291.51,S2 Train,+151–200
2015-06-06,Welterweight,Brian Ebersole,Omari Akhmedov,117.5,-0.0111,2.0,185.83,-185.83,False,9105.68,S2 Train,+100–150
2015-06-27,Welterweight,Lorenz Larkin,Santiago Ponzinibbio,152.5,0.0835,2.0,182.11,-182.11,False,8923.57,S2 Train,+151–200
2015-07-11,Featherweight,Dennis Bermudez,Jeremy Stephens,205.0,0.1447,2.0,178.47,365.87,True,9289.44,S2 Train,+201–250
2015-07-11,Flyweight,Louis Smolka,Neil Seery,115.0,0.002,2.0,185.79,-185.79,False,9103.65,S2 Train,+100–150
2015-07-11,Welterweight,Matt Brown,Tim Means,131.0,0.0099,2.0,182.07,-182.07,False,8921.58,S2 Train,+100–150
2015-07-12,Welterweight,Jake Ellenberger,Stephen Thompson,205.0,0.1449,2.0,178.43,-178.43,False,8743.14,S2 Train,+201–250
2015-07-15,Middleweight,Ildemar Alcantara,Kevin Casey,120.0,0.0416,2.0,174.86,209.84,True,8952.98,S2 Train,+100–150
2015-07-18,Lightweight,Evan Dunham,Ross Pearson,205.0,0.1339,2.0,179.06,367.07,True,9320.05,S2 Train,+201–250
2015-07-25,Bantamweight,Jessica Eye,Miesha Tate,165.0,0.1071,2.0,186.4,-186.4,False,9133.65,S2 Train,+151–200
2015-07-25,Lightweight,Joe Lauzon,Takanori Gomi,252.5,0.2059,2.0,182.67,-182.67,False,8950.98,S2 Train,+251–300
2015-08-01,Heavyweight,Antonio Rodrigo Nogueira,Stefan Struve,156.0,0.0467,2.0,179.02,-179.02,False,8771.96,S2 Train,+151–200
2015-08-08,Heavyweight,Glover Teixeira,Ovince Saint Preux,120.0,0.0022,2.0,175.44,210.53,True,8982.48,S2 Train,+100–150
2015-09-26,Welterweight,Keita Nakamura,Li Jingliang,252.5,0.1495,2.0,179.65,453.62,True,9436.1,S2 Train,+251–300
2015-10-24,Flyweight,Louis Smolka,Paddy Holohan,155.0,0.0983,2.0,188.72,-188.72,False,9247.38,S2 Train,+151–200
2015-10-24,Featherweight,Darren Elkins,Robert Whiteford,137.5,0.0808,2.0,184.95,-184.95,False,9062.43,S2 Train,+100–150
2015-11-07,Lightweight,Gilbert Burns,Rashid Magomedov,155.0,0.0698,2.0,181.25,-181.25,False,8881.18,S2 Train,+151–200
2015-11-07,Lightweight,Johnny Case,Yan Cabral,175.0,0.125,2.0,177.62,-177.62,False,8703.56,S2 Train,+151–200
2015-11-14,Heavyweight,Antonio Silva,Mark Hunt,240.0,0.1859,2.0,174.07,-174.07,False,8529.49,S2 Train,+201–250
2015-12-10,Welterweight,Omari Akhmedov,Sergio Moraes,122.5,-0.0052,2.0,170.59,208.97,True,8738.46,S2 Train,+100–150
2015-12-11,Welterweight,Mike Pierce,Ryan LaFlare,177.5,0.0796,2.0,174.77,-174.77,False,8563.69,S2 Train,+151–200
2015-12-12,Welterweight,Colby Covington,Warlley Alves,103.5,0.0046,2.0,171.27,177.27,True,8740.96,S2 Train,+100–150
2015-12-19,Middleweight,Josh Samman,Tamdan McCrory,177.5,0.1159,2.0,174.82,310.3,True,9051.26,S2 Train,+151–200
2015-12-19,Lightweight,Donald Cerrone,Rafael Dos Anjos,149.5,0.055,2.0,181.03,-181.03,False,8870.24,S2 Train,+100–150
2015-12-19,Heavyweight,Alistair Overeem,Junior Dos Santos,193.5,0.1393,2.0,177.4,343.28,True,9213.52,S2 Train,+151–200
2015-12-19,Featherweight,Charles Oliveira,Myles Jury,144.5,0.0847,2.0,184.27,266.27,True,9479.79,S2 Train,+100–150
2016-01-17,Lightweight,Daron Cruickshank,Paul Felder,195.0,0.1266,2.0,189.6,-189.6,False,9290.19,S2 Train,+151–200
2016-01-17,Heavyweight,Ilir Latifi,Sean O'Connell,235.0,0.1933,2.0,185.8,-185.8,False,9104.39,S2 Train,+201–250
2016-01-30,Flyweight,Dustin Ortiz,Wilson Reis,235.0,0.1634,2.0,182.09,427.91,True,9532.29,S2 Train,+201–250
2016-02-06,Welterweight,Johny Hendricks,Stephen Thompson,240.0,0.1741,2.0,190.65,457.55,True,9989.84,S2 Train,+201–250
2016-02-06,Flyweight,Joseph Benavidez,Zach Makovsky,332.5,0.2184,2.0,199.8,-199.8,False,9790.05,S2 Train,+301–350
2016-02-06,Welterweight,Mike Pyle,Sean Spencer,135.0,0.0764,2.0,195.8,264.33,True,10054.38,S2 Train,+100–150
2016-02-21,Welterweight,Alex Oliveira,Donald Cerrone,220.0,0.1682,2.0,201.09,-201.09,False,9853.29,S2 Train,+201–250
2016-02-27,Lightweight,Norman Parke,Rustam Khabilov,170.0,0.0641,2.0,197.07,-197.07,False,9656.22,S2 Train,+151–200
2016-03-05,Heavyweight,Gian Villante,Ilir Latifi,157.5,0.0523,2.0,193.12,-193.12,False,9463.1,S2 Train,+151–200
2016-03-05,Lightweight,Diego Sanchez,Jim Miller,157.5,0.1108,2.0,189.26,298.09,True,9761.19,S2 Train,+151–200
2016-03-19,Welterweight,Richard Walsh,Viscardi Andrade,105.0,-0.0336,2.0,195.22,204.98,True,9966.17,S2 Train,+100–150
2016-04-16,Heavyweight,Glover Teixeira,Rashad Evans,182.5,0.1233,2.0,199.32,-199.32,False,9766.85,S2 Train,+151–200
2016-04-23,Lightweight,Anthony Pettis,Edson Barboza,160.0,0.0852,2.0,195.34,312.54,True,10079.39,S2 Train,+151–200
2016-05-08,Lightweight,Reza Madadi,Yan Cabral,138.5,0.0546,2.0,201.59,279.2,True,10358.59,S2 Train,+100–150
2016-05-29,Welterweight,Rick Story,Tarec Saffiedine,111.0,0.0183,2.0,207.17,-207.17,False,10151.42,S2 Train,+100–150
2016-05-29,Bantamweight,Cody Garbrandt,Thomas Almeida,170.0,0.1099,2.0,203.03,345.15,True,10496.56,S2 Train,+151–200
2016-06-04,Featherweight,Brian Ortega,Clay Guida,192.5,0.1131,2.0,209.93,-209.93,False,10286.63,S2 Train,+151–200
2016-07-07,Bantamweight,Pedro Munhoz,Russell Doane,192.5,0.1083,2.0,205.73,-205.73,False,10080.9,S2 Train,+151–200
2016-07-23,Lightweight,Edson Barboza,Gilbert Melendez,207.5,0.1683,2.0,201.62,-201.62,False,9879.28,S2 Train,+201–250
2016-08-06,Welterweight,Court McGee,Dominique Steele,127.5,0.0345,2.0,197.59,-197.59,False,9681.7,S2 Train,+100–150
2016-08-20,Welterweight,Lorenz Larkin,Neil Magny,115.0,0.0009,2.0,193.63,222.68,True,9904.37,S2 Train,+100–150
2016-08-20,Welterweight,Donald Cerrone,Rick Story,120.0,0.0412,2.0,198.09,-198.09,False,9706.29,S2 Train,+100–150
2016-09-10,Bantamweight,Jimmie Rivera,Urijah Faber,145.0,0.0245,2.0,194.13,-194.13,False,9512.16,S2 Train,+100–150
2016-09-10,Heavyweight,Alistair Overeem,Stipe Miocic,123.0,0.0491,2.0,190.24,-190.24,False,9321.92,S2 Train,+100–150
2016-11-19,Welterweight,Kamaru Usman,Warlley Alves,175.0,0.088,2.0,186.44,-186.44,False,9135.48,S2 Train,+151–200
2016-11-19,Welterweight,Alexander Yakovlev,Zak Cummings,149.0,0.0323,2.0,182.71,-182.71,False,8952.77,S2 Train,+100–150
2016-12-30,Welterweight,Johny Hendricks,Neil Magny,172.5,0.0837,2.0,179.06,-179.06,False,8773.71,S2 Train,+151–200
2017-01-15,Heavyweight,Aleksei Oleinik,Viktor Pesta,115.0,0.0258,2.0,175.47,-175.47,False,8598.24,S2 Train,+100–150
2017-01-15,Welterweight,Ben Saunders,Court McGee,112.5,-0.0304,2.0,171.96,193.46,True,8791.7,S2 Train,+100–150
2017-02-04,Featherweight,Chan Sung Jung,Dennis Bermudez,152.5,0.0903,2.0,175.83,268.15,True,9059.85,S2 Train,+151–200
2017-02-11,Featherweight,Germaine de Randamie,Holly Holm,102.5,-0.0037,2.0,181.2,-181.2,False,8878.65,S2 Train,+100–150
2017-02-11,Heavyweight,Glover Teixeira,Jared Cannonier,190.0,0.1525,2.0,177.57,-177.57,False,8701.08,S2 Train,+151–200
2017-03-11,Bantamweight,Joe Soto,Rani Yahya,205.0,0.1233,2.0,174.02,356.74,True,9057.82,S2 Train,+201–250
2017-03-11,Lightweight,Francisco Trinaldo,Kevin Lee,147.5,0.0733,2.0,181.16,-181.16,False,8876.67,S2 Train,+100–150
2017-03-18,Welterweight,Alan Jouban,Gunnar Nelson,262.5,0.1633,2.0,177.53,-177.53,False,8699.13,S2 Train,+251–300
2017-04-08,Welterweight,Kamaru Usman,Sean Strickland,232.5,0.1632,2.0,173.98,-173.98,False,8525.15,S2 Train,+201–250
2017-04-22,Middleweight,Sam Alvey,Thales Leites,106.0,-0.0275,2.0,170.5,-170.5,False,8354.65,S2 Train,+100–150
2017-04-22,Heavyweight,Marcos Rogerio de Lima,Ovince Saint Preux,140.0,0.0479,2.0,167.09,-167.09,False,8187.55,S2 Train,+100–150
2017-05-13,Featherweight,Frankie Edgar,Yair Rodriguez,112.5,-0.0066,2.0,163.75,-163.75,False,8023.8,S2 Train,+100–150
2017-06-03,Welterweight,Erick Silva,Yancy Medeiros,121.0,0.0474,2.0,160.48,-160.48,False,7863.33,S2 Train,+100–150
2017-06-03,Middleweight,Nate Marquardt,Vitor Belfort,159.0,0.1053,2.0,157.27,-157.27,False,7706.06,S2 Train,+151–200
2017-06-25,Lightweight,Clay Guida,Erik Koch,282.5,0.1913,2.0,154.12,435.39,True,8141.45,S2 Train,+251–300
2017-07-07,Featherweight,Gray Maynard,Teruto Ishihara,284.5,0.1975,2.0,162.83,463.25,True,8604.7,S2 Train,+251–300
2017-07-08,Lightweight,Anthony Pettis,Jim Miller,197.5,0.1548,2.0,172.09,-172.09,False,8432.61,S2 Train,+151–200
2017-07-22,Middleweight,Chris Weidman,Kelvin Gastelum,132.5,0.0655,2.0,168.65,223.46,True,8656.07,S2 Train,+100–150
2017-07-22,Bantamweight,Jimmie Rivera,Thomas Almeida,166.5,0.058,2.0,173.12,-173.12,False,8482.95,S2 Train,+151–200
2017-08-05,Flyweight,Dustin Ortiz,Hector Sandoval,155.5,0.1077,2.0,169.66,-169.66,False,8313.29,S2 Train,+151–200
2017-09-02,Welterweight,Bojan Velickovic,Darren Till,162.5,0.0525,2.0,166.27,-166.27,False,8147.03,S2 Train,+151–200
2017-09-16,Lightweight,Gilbert Burns,Jason Saggo,129.5,0.0549,2.0,162.94,-162.94,False,7984.08,S2 Train,+100–150
2017-09-22,Flyweight,Jussier Formiga,Yuta Sasaki,325.0,0.2145,2.0,159.68,-159.68,False,7824.4,S2 Train,+301–350
2017-10-21,Featherweight,Felipe Arantes,Josh Emmett,200.0,0.1637,2.0,156.49,-156.49,False,7667.91,S2 Train,+151–200
2017-10-28,Lightweight,Francisco Trinaldo,Jim Miller,177.5,0.0886,2.0,153.36,-153.36,False,7514.56,S2 Train,+151–200
2017-11-04,Welterweight,Mickey Gall,Randy Brown,103.5,0.0069,2.0,150.29,155.55,True,7670.11,S2 Train,+100–150
2017-11-11,Lightweight,Clay Guida,Joe Lauzon,107.5,-0.0106,2.0,153.4,-153.4,False,7516.71,S2 Train,+100–150
2017-11-18,Middleweight,Daniel Kelly,Elias Theodorou,247.5,0.1719,2.0,150.33,-150.33,False,7366.37,S2 Train,+201–250
2017-12-01,Middleweight,Eric Spicely,Gerald Meerschaert,142.5,0.0805,2.0,147.33,-147.33,False,7219.04,S2 Train,+100–150
2017-12-02,Flyweight,Henry Cejudo,Sergio Pettis,252.5,0.2158,2.0,144.38,-144.38,False,7074.66,S2 Train,+251–300
2017-12-02,Lightweight,Charles Oliveira,Paul Felder,114.0,0.0207,2.0,141.49,161.3,True,7235.97,S2 Train,+100–150
2017-12-16,Heavyweight,Glover Teixeira,Misha Cirkunov,130.0,0.0518,2.0,144.72,188.14,True,7424.1,S2 Train,+100–150
2017-12-30,Lightweight,Dan Hooker,Marc Diakiese,164.0,0.0725,2.0,148.48,243.51,True,7667.61,S2 Train,+151–200
2018-01-14,Lightweight,Alex White,James Krause,149.0,0.0359,2.0,153.35,-153.35,False,7514.26,S2 Train,+100–150
2018-01-20,Heavyweight,Francis Ngannou,Stipe Miocic,150.5,0.0656,2.0,150.29,226.18,True,7740.44,S2 Train,+151–200
2018-01-27,Lightweight,Joaquim Silva,Vinc Pichel,112.5,-0.0276,2.0,154.81,174.16,True,7914.6,S2 Train,+100–150
2018-02-03,Middleweight,Anthony Smith,Thiago Santos,212.5,0.1213,2.0,158.29,-158.29,False,7756.31,S2 Train,+201–250
2018-02-03,Bantamweight,Iuri Alcantara,Joe Soto,102.5,-0.0207,2.0,155.13,-155.13,False,7601.18,S2 Train,+100–150
2018-02-10,Middleweight,Luke Rockhold,Yoel Romero,160.5,0.0717,2.0,152.02,244.0,True,7845.18,S2 Train,+151–200
2018-02-24,Bantamweight,Marion Reneau,Sara McMann,165.0,0.1016,2.0,156.9,258.89,True,8104.07,S2 Train,+151–200
2018-03-03,Welterweight,Mike Pyle,Zak Ottow,277.5,0.1684,2.0,162.08,-162.08,False,7941.99,S2 Train,+251–300
2018-04-07,Flyweight,Ashlee Evans-Smith,Bec Rawlings,167.5,0.095,2.0,158.84,-158.84,False,7783.15,S2 Train,+151–200
2018-04-07,Lightweight,Chris Gruetzemacher,Joe Lauzon,131.5,0.0581,2.0,155.66,204.7,True,7987.84,S2 Train,+100–150
2018-04-14,Middleweight,Brad Tavares,Krzysztof Jotko,108.5,0.0151,2.0,159.76,173.34,True,8161.18,S2 Train,+100–150
2018-04-21,Welterweight,Luan Chagas,Siyar Bahadurzada,150.5,0.0435,2.0,163.22,245.65,True,8406.83,S2 Train,+151–200
2018-04-21,Lightweight,Edson Barboza,Kevin Lee,143.0,0.0226,2.0,168.14,-168.14,False,8238.7,S2 Train,+100–150
2018-05-12,Bantamweight,Brian Kelleher,John Lineker,227.5,0.1266,2.0,164.77,-164.77,False,8073.92,S2 Train,+201–250
2018-06-01,Bantamweight,Jimmie Rivera,Marlon Moraes,104.0,-0.0235,2.0,161.48,167.94,True,8241.86,S2 Train,+100–150
2018-06-09,Heavyweight,Anthony Smith,Rashad Evans,184.0,0.1171,2.0,164.84,-164.84,False,8077.02,S2 Train,+151–200
2018-06-23,Heavyweight,Ovince Saint Preux,Tyson Pedro,121.5,-0.0133,2.0,161.54,196.27,True,8273.29,S2 Train,+100–150
2018-07-14,Featherweight,Chad Mendes,Myles Jury,102.5,0.0003,2.0,165.47,-165.47,False,8107.83,S2 Train,+100–150
2018-07-22,Heavyweight,Anthony Smith,Mauricio Rua,126.0,0.0536,2.0,162.16,-162.16,False,7945.67,S2 Train,+100–150
2018-07-22,Heavyweight,Marcin Tybura,Stefan Struve,166.5,0.1078,2.0,158.91,-158.91,False,7786.76,S2 Train,+151–200
2018-07-28,Flyweight,Dustin Ortiz,Matheus Nicolau,169.5,0.1219,2.0,155.74,263.97,True,8050.73,S2 Train,+151–200
2018-08-25,Lightweight,James Vick,Justin Gaethje,122.5,0.0517,2.0,161.01,197.24,True,8247.97,S2 Train,+100–150
2018-08-25,Welterweight,James Krause,Warlley Alves,270.0,0.2069,2.0,164.96,445.39,True,8693.36,S2 Train,+251–300
2018-08-25,Welterweight,George Sullivan,Mickey Gall,282.5,0.2073,2.0,173.87,-173.87,False,8519.49,S2 Train,+251–300
2018-09-08,Bantamweight,Jimmie Rivera,John Dodson,129.0,0.0233,2.0,170.39,-170.39,False,8349.1,S2 Train,+100–150
2018-09-08,Bantamweight,Aljamain Sterling,Cody Stamann,149.0,0.0754,2.0,166.98,-166.98,False,8182.12,S2 Train,+100–150
2018-09-15,Heavyweight,Andrei Arlovski,Shamil Abdurakhimov,116.0,0.0059,2.0,163.64,-163.64,False,8018.48,S2 Train,+100–150
2018-09-15,Heavyweight,Jan Blachowicz,Nikita Krylov,120.0,0.002,2.0,160.37,192.44,True,8210.92,S2 Train,+100–150
2018-09-22,Middleweight,Hector Lombard,Thales Leites,137.5,0.0781,2.0,164.22,-164.22,False,8046.71,S2 Train,+100–150
2018-09-22,Heavyweight,Eryk Anders,Thiago Santos,165.5,0.0634,2.0,160.93,-160.93,False,7885.77,S2 Train,+151–200
2018-10-06,Lightweight,Alan Patrick,Scott Holtzman,257.5,0.194,2.0,157.72,406.12,True,8291.89,S2 Train,+251–300
2018-10-27,Welterweight,Alex Garcia,Court McGee,202.5,0.1271,2.0,165.84,335.82,True,8627.71,S2 Train,+201–250
2018-11-10,Welterweight,Donald Cerrone,Mike Perry,170.0,0.1018,2.0,172.55,293.34,True,8921.05,S2 Train,+151–200
2018-11-17,Bantamweight,Guido Cannetti,Marlon Vera,255.0,0.2078,2.0,178.42,-178.42,False,8742.63,S2 Train,+251–300
2018-11-17,Featherweight,Darren Elkins,Ricardo Lamas,155.0,0.0696,2.0,174.85,-174.85,False,8567.78,S2 Train,+151–200
2018-11-24,Heavyweight,Curtis Blaydes,Francis Ngannou,202.5,0.1397,2.0,171.36,347.0,True,8914.77,S2 Train,+201–250
2018-11-30,Flyweight,Alex Perez,Joseph Benavidez,103.5,-0.0374,2.0,178.3,184.54,True,9099.31,S2 Train,+100–150
2018-12-01,Welterweight,Anthony Rocco Martin,Jake Matthews,128.0,0.0376,2.0,181.99,232.94,True,9332.25,S2 Train,+100–150
2018-12-08,Welterweight,Alex Oliveira,Gunnar Nelson,130.0,0.0348,2.0,186.65,-186.65,False,9145.61,S2 Train,+100–150
2018-12-08,Women's Strawweight Bout,Claudia Gadelha,Nina Nunes,247.5,0.1933,2.0,182.91,452.71,True,9598.31,S2 Train,+201–250
2018-12-15,Middleweight,Trevor Smith,Zak Cummings,265.0,0.1903,2.0,191.97,-191.97,False,9406.35,S2 Train,+251–300
2019-02-17,Lightweight,Nik Lentz,Scott Holtzman,142.5,0.0527,2.0,188.13,268.08,True,9674.43,S2 Train,+100–150
2019-02-17,Bantamweight,Luke Sanders,Renan Barao,130.5,0.0504,2.0,193.49,-193.49,False,9480.94,S2 Train,+100–150
2019-02-17,Featherweight,Andre Fili,Myles Jury,120.0,0.0101,2.0,189.62,227.54,True,9708.48,S2 Train,+100–150
2019-02-17,Heavyweight,Cain Velasquez,Francis Ngannou,172.5,0.0765,2.0,194.17,334.94,True,10043.43,S2 Train,+151–200
2019-02-23,Lightweight,Diego Ferreira,Rustam Khabilov,115.0,0.0406,2.0,200.87,231.0,True,10274.42,S2 Train,+100–150
2019-03-09,Welterweight,Niko Price,Tim Means,170.0,0.1324,2.0,205.49,349.33,True,10623.75,S2 Train,+151–200
2019-03-23,Heavyweight,Curtis Blaydes,Justin Willis,217.5,0.1766,2.0,212.48,-212.48,False,10411.28,S2 Train,+201–250
2019-04-20,Heavyweight,Aleksei Oleinik,Alistair Overeem,200.0,0.1092,2.0,208.23,-208.23,False,10203.05,S2 Train,+151–200
2019-04-20,Heavyweight,Marcin Tybura,Shamil Abdurakhimov,114.5,-0.0145,2.0,204.06,233.65,True,10436.7,S2 Train,+100–150
2019-04-27,Heavyweight,Glover Teixeira,Ion Cutelaba,102.5,0.001,2.0,208.73,-208.73,False,10227.97,S2 Train,+100–150
2019-04-27,Lightweight,Jason Gonzalez,Jim Miller,107.0,0.0211,2.0,204.56,-204.56,False,10023.41,S2 Train,+100–150
2019-05-04,Lightweight,Al Iaquinta,Donald Cerrone,110.0,0.0189,2.0,200.47,220.52,True,10243.93,S2 Train,+100–150
2019-05-11,Middleweight,Anderson Silva,Jared Cannonier,107.5,-0.0007,2.0,204.88,-204.88,False,10039.05,S2 Train,+100–150
2019-06-01,Lightweight,Leonardo Santos,Stevie Ray,140.0,0.0319,2.0,200.78,-200.78,False,9838.27,S2 Train,+100–150
2019-06-08,Middleweight,Bevon Lewis,Darren Stewart,152.5,0.0904,2.0,196.77,300.07,True,10138.33,S2 Train,+151–200
2019-07-13,Featherweight,Andre Fili,Sheymon Moraes,132.5,0.0204,2.0,202.77,-202.77,False,9935.57,S2 Train,+100–150
2019-07-13,Bantamweight,Ricky Simon,Urijah Faber,297.5,0.1977,2.0,198.71,591.17,True,10526.73,S2 Train,+251–300
2019-07-20,Heavyweight,Andrei Arlovski,Ben Rothwell,154.5,0.1062,2.0,210.53,325.28,True,10852.01,S2 Train,+151–200
2019-07-20,Lightweight,Alexander Hernandez,Francisco Trinaldo,196.0,0.1542,2.0,217.04,-217.04,False,10634.97,S2 Train,+151–200
2019-07-27,Flyweight,Alexandre Pantoja,Deiveson Figueiredo,110.0,-0.0193,2.0,212.7,233.97,True,10868.94,S2 Train,+100–150
2019-08-03,Flyweight,Antonina Shevchenko,Lucie Pudilova,130.0,0.0106,2.0,217.38,-217.38,False,10651.56,S2 Train,+100–150
2019-08-03,Lightweight,Clay Guida,Jim Miller,131.5,0.0482,2.0,213.03,-213.03,False,10438.53,S2 Train,+100–150
2019-08-03,Flyweight,Lauren Murphy,Mara Romero Borella,177.5,0.0806,2.0,208.77,370.57,True,10809.1,S2 Train,+151–200
2019-08-17,Featherweight,Gabriel Benitez,Sodiq Yusuff,237.5,0.1772,2.0,216.18,-216.18,False,10592.91,S2 Train,+201–250
2019-08-17,Middleweight,Paulo Costa,Yoel Romero,137.5,0.0432,2.0,211.86,291.31,True,10884.22,S2 Train,+100–150
2019-08-17,Middleweight,Derek Brunson,Ian Heinisch,135.0,0.0138,2.0,217.68,293.87,True,11178.09,S2 Train,+100–150
2019-09-07,Lightweight,Diego Ferreira,Mairbek Taisumov,215.0,0.1547,2.0,223.56,480.66,True,11658.75,S2 Train,+201–250
2019-09-14,Lightweight,Donald Cerrone,Justin Gaethje,155.0,0.0505,2.0,233.18,-233.18,False,11425.58,S2 Train,+151–200
2019-09-21,Featherweight,Martin Bravo,Steven Peterson,112.5,-0.028,2.0,228.51,257.08,True,11682.65,S2 Train,+100–150
2019-09-28,Heavyweight,Michal Oleksiejczuk,Ovince Saint Preux,237.5,0.1509,2.0,233.65,554.93,True,12237.58,S2 Train,+201–250
2019-10-12,Flyweight,Deiveson Figueiredo,Tim Elliott,158.5,0.0909,2.0,244.75,-244.75,False,11992.83,S2 Train,+151–200
2019-11-02,Welterweight,Jorge Masvidal,Nate Diaz,130.0,0.0065,2.0,239.86,-239.86,False,11752.97,S2 Train,+100–150
2019-11-09,Heavyweight,Alexander Volkov,Greg Hardy,240.0,0.1963,2.0,235.06,-235.06,False,11517.91,S2 Train,+201–250
2019-11-16,Lightweight,Charles Oliveira,Jared Gordon,310.0,0.2203,2.0,230.36,-230.36,False,11287.55,S2 Train,+301–350
2019-12-07,Heavyweight,Ben Rothwell,Stefan Struve,130.0,0.0331,2.0,225.75,-225.75,False,11061.8,S2 Train,+100–150
2019-12-07,Bantamweight,Ricky Simon,Rob Font,121.0,0.0048,2.0,221.24,-221.24,False,10840.56,S2 Train,+100–150
2019-12-14,Bantamweight,Irene Aldana,Ketlen Vieira,202.5,0.1598,2.0,216.81,439.04,True,11279.61,S2 Train,+201–250
2019-12-14,Welterweight,Colby Covington,Kamaru Usman,170.0,0.1197,2.0,225.59,-225.59,False,11054.02,S2 Train,+151–200
2019-12-14,Flyweight,Brandon Moreno,Kai Kara-France,140.5,0.0722,2.0,221.08,310.62,True,11364.63,S2 Train,+100–150
2019-12-21,Featherweight,Chan Sung Jung,Frankie Edgar,162.5,0.0863,2.0,227.29,-227.29,False,11137.34,S2 Train,+151–200
2020-01-25,Heavyweight,Curtis Blaydes,Junior Dos Santos,250.0,0.1609,2.0,222.75,-222.75,False,10914.59,S2 Train,+201–250
2020-01-25,Flyweight,Alex Perez,Jordan Espinosa,215.0,0.1499,2.0,218.29,-218.29,False,10696.3,S2 Train,+201–250
2020-02-15,Bantamweight,John Dodson,Nathaniel Wood,132.5,0.0278,2.0,213.93,283.45,True,10979.75,S2 Train,+100–150
2020-02-15,Flyweight,Mara Romero Borella,Montana De La Rosa,147.5,0.0744,2.0,219.6,-219.6,False,10760.16,S2 Train,+100–150
2020-02-15,Bantamweight,Casey Kenney,Merab Dvalishvili,160.0,0.0931,2.0,215.2,-215.2,False,10544.96,S2 Train,+151–200
2020-02-22,Flyweight,Priscila Cachoeira,Shana Dobson,165.0,0.1175,2.0,210.9,347.98,True,10892.94,S2 Train,+151–200
2020-03-07,Welterweight,Li Jingliang,Neil Magny,151.0,0.1022,2.0,217.86,328.97,True,11221.91,S2 Train,+151–200
2020-05-09,Lightweight,Justin Gaethje,Tony Ferguson,195.0,0.1517,2.0,224.44,437.65,True,11659.56,S2 Train,+151–200
2020-05-09,Heavyweight,Francis Ngannou,Jairzinho Rozenstruik,202.5,0.1096,2.0,233.19,-233.19,False,11426.37,S2 Train,+201–250
2020-05-13,Heavyweight,Anthony Smith,Glover Teixeira,191.0,0.0914,2.0,228.53,436.49,True,11862.86,S2 Train,+151–200
2020-05-16,Heavyweight,Alistair Overeem,Walt Harris,134.5,0.0735,2.0,237.26,319.11,True,12181.97,S2 Train,+100–150
2020-05-30,Bantamweight,Casey Kenney,Louis Smolka,237.5,0.199,2.0,243.64,-243.64,False,11938.33,S2 Train,+201–250
2020-05-30,Featherweight,Chris Gutierrez,Vince Morales,101.0,-0.0509,2.0,238.77,-238.77,False,11699.56,S2 Train,+100–150
2020-06-13,Bantamweight,Jordan Espinosa,Mark De La Rosa,156.5,0.0437,2.0,233.99,-233.99,False,11465.57,S2 Train,+151–200
2020-06-20,Heavyweight,Alexander Volkov,Curtis Blaydes,292.5,0.1826,2.0,229.31,-229.31,False,11236.26,S2 Train,+251–300
2020-06-27,Welterweight,Mickey Gall,Mike Perry,245.0,0.1775,2.0,224.73,-224.73,False,11011.53,S2 Train,+201–250
2020-06-27,Lightweight,Dan Hooker,Dustin Poirier,192.5,0.1261,2.0,220.23,-220.23,False,10791.3,S2 Train,+151–200
2020-07-18,Flyweight,Deiveson Figueiredo,Joseph Benavidez,192.5,0.1483,2.0,215.83,-215.83,False,10575.48,S2 Train,+151–200
2020-08-15,Lightweight,Jim Miller,Vinc Pichel,106.0,0.015,2.0,211.51,-211.51,False,10363.97,S2 Train,+100–150
2020-08-15,Heavyweight,Jairzinho Rozenstruik,Junior Dos Santos,117.5,0.0392,2.0,207.28,-207.28,False,10156.69,S2 Train,+100–150
2020-08-15,Women's Strawweight Bout,Ashley Yoder,Livinha Souza,166.0,0.0757,2.0,203.13,-203.13,False,9953.55,S2 Train,+151–200
2020-08-22,Welterweight,Daniel Rodriguez,Dwight Grant,170.0,0.1015,2.0,199.07,-199.07,False,9754.48,S2 Train,+151–200
2020-09-26,Heavyweight,Dominick Reyes,Jan Blachowicz,205.0,0.109,2.0,195.09,399.93,True,10154.42,S2 Train,+201–250
2020-09-26,Bantamweight,Ketlen Vieira,Sijara Eubanks,183.5,0.1314,2.0,203.09,-203.09,False,9951.33,S2 Train,+151–200
2020-10-03,Welterweight,Carlos Condit,Court McGee,109.0,0.0038,2.0,199.03,216.94,True,10168.27,S2 Train,+100–150
2020-10-03,Bantamweight,Germaine de Randamie,Julianna Pena,151.0,0.039,2.0,203.37,-203.37,False,9964.9,S2 Train,+151–200
2020-10-10,Featherweight,Giga Chikadze,Omar Morales,156.0,0.0777,2.0,199.3,310.9,True,10275.81,S2 Train,+151–200
2020-10-31,Middleweight,Anderson Silva,Uriah Hall,217.5,0.1677,2.0,205.52,-205.52,False,10070.29,S2 Train,+201–250
2020-11-07,Heavyweight,Glover Teixeira,Thiago Santos,203.5,0.1319,2.0,201.41,409.86,True,10480.15,S2 Train,+201–250
2020-11-14,Catch Weight Bout,Brendan Allen,Sean Strickland,105.0,-0.0154,2.0,209.6,220.08,True,10700.23,S2 Train,+100–150
2020-11-21,Heavyweight,Mauricio Rua,Paul Craig,169.0,0.1263,2.0,214.0,-214.0,False,10486.23,S2 Train,+151–200
2020-11-28,Welterweight,Miguel Baeza,Takashi Sato,178.5,0.099,2.0,209.72,-209.72,False,10276.51,S2 Train,+151–200
2020-12-12,Lightweight,Rafael Fiziev,Renato Moicano,111.5,-0.0044,2.0,205.53,-205.53,False,10070.98,S2 Train,+100–150
2020-12-19,Welterweight,Alex Morono,Anthony Pettis,178.5,0.1046,2.0,201.42,-201.42,False,9869.56,S2 Train,+151–200
2020-12-19,Bantamweight,Pannie Kianzad,Sijara Eubanks,122.5,0.044,2.0,197.39,241.8,True,10111.36,S2 Train,+100–150
2021-01-16,Middleweight,Alessio Di Chirico,Joaquin Buckley,230.0,0.15,2.0,202.23,465.12,True,10576.48,S2 Train,+201–250
2021-01-16,Welterweight,Carlos Condit,Matt Brown,165.0,0.0969,2.0,211.53,-211.53,False,10364.95,S2 Train,+151–200
2021-01-20,Welterweight,Michael Chiesa,Neil Magny,126.0,0.0405,2.0,207.3,261.2,True,10626.15,S2 Train,+100–150
2021-01-20,Middleweight,Omari Akhmedov,Tom Breese,129.0,0.0383,2.0,212.52,274.15,True,10900.3,S2 Train,+100–150
2021-03-06,Welterweight,Jake Matthews,Sean Brady,178.5,0.1363,2.0,218.01,-218.01,False,10682.3,S2 Train,+151–200
2021-03-20,Middleweight,Derek Brunson,Kevin Holland,168.5,0.0852,2.0,213.65,359.99,True,11042.29,S2 Train,+151–200
2021-03-20,Welterweight,Max Griffin,Song Kenan,174.0,0.1354,2.0,220.85,-220.85,False,10821.45,S2 Train,+151–200
2021-04-10,Welterweight,Daniel Rodriguez,Mike Perry,107.5,0.0058,2.0,216.43,-216.43,False,10605.02,S2 Train,+100–150
2021-04-24,Middleweight,Chris Weidman,Uriah Hall,132.5,0.076,2.0,212.1,281.03,True,10886.05,S2 Train,+100–150
2021-05-15,Flyweight,Gina Mazany,Priscila Cachoeira,194.0,0.1374,2.0,217.72,422.38,True,11308.43,S2 Train,+151–200
2021-05-22,Bantamweight,Cody Garbrandt,Rob Font,105.0,0.0188,2.0,226.17,-226.17,False,11082.26,S2 Train,+100–150
2021-06-05,Middleweight,Laureano Staropoli,Roman Dolidze,139.0,0.0228,2.0,221.65,-221.65,False,10860.61,S2 Train,+100–150
2021-06-12,Bantamweight,Alexis Davis,Pannie Kianzad,197.5,0.1469,2.0,217.21,-217.21,False,10643.4,S2 Train,+151–200
2021-06-12,Heavyweight,Darren Stewart,Eryk Anders,123.5,0.0528,2.0,212.87,-212.87,False,10430.53,S2 Train,+100–150
2021-06-12,Heavyweight,Jamahal Hill,Paul Craig,210.0,0.1168,2.0,208.61,438.08,True,10868.62,S2 Train,+201–250
2021-06-19,Featherweight,Chan Sung Jung,Dan Ige,122.5,0.0261,2.0,217.37,266.28,True,11134.9,S2 Train,+100–150
2021-06-26,Lightweight,Damir Hadzovic,Yancy Medeiros,124.0,0.0058,2.0,222.7,-222.7,False,10912.2,S2 Train,+100–150
2021-07-24,Bantamweight,Adrian Yanez,Randy Costa,195.0,0.1402,2.0,218.24,-218.24,False,10693.96,S2 Train,+151–200
2021-07-31,Women's Strawweight Bout,Ashley Yoder,Jinh Yu Frey,130.5,0.0184,2.0,213.88,279.11,True,10973.07,S2 Train,+100–150
2021-08-21,Middleweight,Jared Cannonier,Kelvin Gastelum,127.5,0.0461,2.0,219.46,-219.46,False,10753.61,S2 Train,+100–150
2021-08-28,Heavyweight,Darren Stewart,Dustin Jacoby,163.5,0.0838,2.0,215.07,-215.07,False,10538.53,S2 Train,+151–200
2021-09-04,Middleweight,Dalcha Lungiambula,Marc-Andre Barriault,140.0,0.0233,2.0,210.77,-210.77,False,10327.76,S2 Train,+100–150
2021-09-18,Bantamweight,Pannie Kianzad,Raquel Pennington,108.5,0.0231,2.0,206.56,-206.56,False,10121.21,S2 Train,+100–150
2021-09-18,Middleweight,Antonio Arroyo,Joaquin Buckley,163.5,0.0631,2.0,202.42,-202.42,False,9918.78,S2 Train,+151–200
2021-09-25,Flyweight,Cynthia Calvillo,Jessica Andrade,177.5,0.1055,2.0,198.38,-198.38,False,9720.41,S2 Train,+151–200
2021-10-02,Heavyweight,Johnny Walker,Thiago Santos,128.5,0.0018,2.0,194.41,-194.41,False,9526.0,S2 Train,+100–150
2021-10-09,Welterweight,Jared Gooden,Randy Brown,232.5,0.153,2.0,190.52,-190.52,False,9335.48,S2 Train,+201–250
2021-10-30,Heavyweight,Glover Teixeira,Jan Blachowicz,222.5,0.1265,2.0,186.71,415.43,True,9750.91,S2 Train,+201–250
2021-10-30,Featherweight,Lerone Murphy,Makwan Amirkhani,232.5,0.1371,2.0,195.02,-195.02,False,9555.89,S2 Train,+201–250
2021-10-30,Featherweight,Ricardo Ramos,Zubaira Tukhugov,137.5,0.0808,2.0,191.12,-191.12,False,9364.77,S2 Train,+100–150
2021-11-20,Women's Strawweight Bout,Loma Lookboonmee,Loopy Godinez,128.5,0.0586,2.0,187.3,-187.3,False,9177.48,S2 Train,+100–150
2021-12-04,Welterweight,Alex Morono,Mickey Gall,205.0,0.1131,2.0,183.55,-183.55,False,8993.93,S2 Train,+201–250
2021-12-04,Women's Strawweight Bout,Cheyanne Vlismas,Mallory Martin,160.0,0.0683,2.0,179.88,-179.88,False,8814.05,S2 Train,+151–200
2021-12-04,Bantamweight,Jose Aldo,Rob Font,115.0,0.0088,2.0,176.28,202.72,True,9016.77,S2 Train,+100–150
2021-12-04,Bantamweight,Louis Smolka,Vince Morales,138.5,0.0854,2.0,180.34,249.76,True,9266.54,S2 Train,+100–150
2021-12-11,Middleweight,Andre Muniz,Eryk Anders,162.5,0.1013,2.0,185.33,-185.33,False,9081.21,S2 Train,+151–200
2021-12-18,Heavyweight,Chris Daukaus,Derrick Lewis,119.0,-0.0061,2.0,181.62,216.13,True,9297.34,S2 Train,+100–150
2021-12-18,Featherweight,Cub Swanson,Darren Elkins,142.5,0.0697,2.0,185.95,-185.95,False,9111.39,S2 Train,+100–150
2022-02-05,Bantamweight,John Castaneda,Miles Johns,172.5,0.0766,2.0,182.23,314.34,True,9425.74,S2 Train,+151–200
2022-03-19,Heavyweight,Nikita Krylov,Paul Craig,167.5,0.07,2.0,188.51,315.76,True,9741.5,S2 Train,+151–200
2022-03-26,Flyweight,David Dvorak,Matheus Nicolau,107.5,0.0111,2.0,194.83,209.44,True,9950.94,S2 Train,+100–150
2022-04-09,Bantamweight,Aspen Ladd,Raquel Pennington,140.0,0.0847,2.0,199.02,-199.02,False,9751.92,S2 Train,+100–150
2022-04-16,Heavyweight,Devin Clark,William Knight,148.5,0.0945,2.0,195.04,-195.04,False,9556.88,S2 Train,+100–150
2022-04-30,Flyweight,Gina Mazany,Shanna Young,163.5,0.1007,2.0,191.14,312.51,True,9869.39,S2 Train,+151–200
2022-05-07,Lightweight,Michael Chandler,Tony Ferguson,290.0,0.1875,2.0,197.39,-197.39,False,9672.01,S2 Train,+251–300
2022-05-14,Bantamweight,Davey Grant,Louis Smolka,227.5,0.1495,2.0,193.44,-193.44,False,9478.57,S2 Train,+201–250
2022-06-04,Heavyweight,Alexander Volkov,Jairzinho Rozenstruik,145.0,0.0629,2.0,189.57,-189.57,False,9288.99,S2 Train,+100–150
2022-06-25,Lightweight,Arman Tsarukyan,Mateusz Gamrot,210.0,0.1214,2.0,185.78,390.14,True,9679.13,S2 Train,+201–250
2022-07-02,Welterweight,Donald Cerrone,Jim Miller,155.0,0.0584,2.0,193.58,-193.58,False,9485.55,S2 Train,+151–200
2022-07-02,Featherweight,Alexander Volkanovski,Max Holloway,161.0,0.063,2.0,189.71,-189.71,False,9295.84,S2 Train,+151–200
2022-07-09,Lightweight,Rafael Dos Anjos,Rafael Fiziev,173.5,0.1251,2.0,185.92,-185.92,False,9109.92,S2 Train,+151–200
2022-07-16,Bantamweight,Jack Shore,Ricky Simon,151.0,0.0703,2.0,182.2,275.12,True,9385.04,S2 Train,+151–200
2022-07-23,Lightweight,Ludovit Klein,Mason Jones,335.0,0.2467,2.0,187.7,628.8,True,10013.84,S2 Train,+301–350
2022-07-23,Heavyweight,Curtis Blaydes,Tom Aspinall,133.5,0.0318,2.0,200.28,267.37,True,10281.21,S2 Train,+100–150
2022-07-30,Welterweight,Alex Morono,Matthew Semelsberger,147.5,0.0345,2.0,205.62,303.3,True,10584.5,S2 Train,+100–150
2022-07-30,Flyweight,Alex Perez,Alexandre Pantoja,153.5,0.098,2.0,211.69,-211.69,False,10372.81,S2 Train,+151–200
2022-07-30,Lightweight,Drakkar Klose,Rafa Garcia,176.0,0.1427,2.0,207.46,-207.46,False,10165.36,S2 Train,+151–200
2022-08-06,Heavyweight,Jamahal Hill,Thiago Santos,255.0,0.206,2.0,203.31,-203.31,False,9962.05,S2 Train,+251–300
2022-08-13,Bantamweight,Dominick Cruz,Marlon Vera,175.0,0.1381,2.0,199.24,-199.24,False,9762.81,S2 Train,+151–200
2022-09-10,Featherweight,Hakeem Dawodu,Julian Erosa,181.0,0.0987,2.0,195.26,353.41,True,10116.22,S2 Train,+151–200
2022-09-17,Featherweight,Damon Jackson,Pat Sabatini,170.0,0.101,2.0,202.32,343.95,True,10460.17,S2 Train,+151–200
2022-10-01,Lightweight,Jesse Ronson,Joaquim Silva,111.5,-0.002,2.0,209.2,-209.2,False,10250.97,S2 Train,+100–150
2022-10-01,Bantamweight,Guido Cannetti,Randy Costa,250.0,0.1747,2.0,205.02,512.55,True,10763.52,S2 Train,+201–250
2022-11-19,Flyweight,Jennifer Maia,Maryna Moroz,146.5,0.0575,2.0,215.27,315.37,True,11078.89,S2 Train,+100–150
2022-12-03,Heavyweight,Sergei Pavlovich,Tai Tuivasa,157.5,0.084,2.0,221.58,-221.58,False,10857.31,S2 Train,+151–200
2022-12-03,Welterweight,Bryan Barberena,Rafael Dos Anjos,345.0,0.208,2.0,217.15,-217.15,False,10640.17,S2 Train,+301–350
2022-12-10,Catch Weight Bout,Alex Morono,Santiago Ponzinibbio,136.0,0.0638,2.0,212.8,-212.8,False,10427.36,S2 Train,+100–150
2022-12-10,Middleweight,Chris Curtis,Joaquin Buckley,145.0,0.0495,2.0,208.55,302.39,True,10729.76,S2 Train,+100–150
2022-12-17,Welterweight,Jake Matthews,Matthew Semelsberger,243.5,0.1487,2.0,214.6,522.54,True,11252.3,S2 Train,+201–250
2022-12-17,Flyweight,David Dvorak,Manel Kape,186.0,0.1233,2.0,225.05,-225.05,False,11027.25,S2 Train,+151–200
2023-01-14,Middleweight,Punahele Soriano,Roman Kopylov,124.5,0.0186,2.0,220.55,274.58,True,11301.83,S2 Train,+100–150
2023-01-21,Welterweight,Gilbert Burns,Neil Magny,350.0,0.2557,2.0,226.04,-226.04,False,11075.79,S2 Train,+301–350
2023-02-18,Heavyweight,Ovince Saint Preux,Philipe Lins,177.5,0.0936,2.0,221.52,-221.52,False,10854.28,S2 Train,+151–200
2023-02-18,Heavyweight,Marcin Prachnio,William Knight,115.0,-0.0117,2.0,217.09,249.65,True,11103.92,S2 Train,+100–150
2023-02-25,Middleweight,Andre Muniz,Brendan Allen,187.5,0.1461,2.0,222.08,416.4,True,11520.32,S2 Train,+151–200
2023-03-11,Heavyweight,Alexander Volkov,Alexandr Romanov,129.0,0.044,2.0,230.41,297.22,True,11817.55,S2 Train,+100–150
2023-03-11,Welterweight,Carlston Harris,Jared Gooden,270.0,0.1923,2.0,236.35,-236.35,False,11581.2,S2 Train,+251–300
2023-03-11,Bantamweight,Jonathan Martinez,Said Nurmagomedov,195.0,0.1351,2.0,231.62,451.67,True,12032.86,S2 Train,+151–200
2023-03-25,Featherweight,Daniel Pineda,Tucker Lutz,217.5,0.1275,2.0,240.66,523.43,True,12556.29,S2 Train,+201–250
2023-04-08,Bantamweight,Adrian Yanez,Rob Font,154.5,0.0918,2.0,251.13,387.99,True,12944.28,S2 Train,+151–200
2023-04-08,Welterweight,Kevin Holland,Santiago Ponzinibbio,205.0,0.1757,2.0,258.89,-258.89,False,12685.4,S2 Train,+201–250
2023-04-15,Women's Strawweight Bout,Gillian Robertson,Piera Rodriguez,107.5,0.0209,2.0,253.71,-253.71,False,12431.69,S2 Train,+100–150
2023-04-15,Flyweight,Brandon Royval,Matheus Nicolau,165.0,0.0579,2.0,248.63,410.25,True,12841.93,S2 Train,+151–200
2023-04-15,Featherweight,Bill Algeo,TJ Brown,175.0,0.0753,2.0,256.84,-256.84,False,12585.09,S2 Train,+151–200
2023-04-22,Lightweight,Christos Giagos,Ricky Glenn,134.5,0.043,2.0,251.7,338.54,True,12923.63,S2 Train,+100–150
2023-04-22,Heavyweight,Curtis Blaydes,Sergei Pavlovich,115.0,0.0155,2.0,258.47,297.24,True,13220.88,S2 Train,+100–150
2023-04-29,Bantamweight,Ricky Simon,Song Yadong,116.0,0.0013,2.0,264.42,306.72,True,13527.6,S2 Train,+100–150
2023-05-13,Welterweight,Bryan Battle,Gabe Green,116.0,0.0047,2.0,270.55,313.84,True,13841.44,S2 Train,+100–150
2023-05-20,Lightweight,Diego Ferreira,Michael Johnson,125.0,0.0604,2.0,276.83,-276.83,False,13564.61,S2 Train,+100–150
2023-06-10,Featherweight,Dan Ige,Nate Landwehr,212.5,0.1541,2.0,271.29,-271.29,False,13293.32,S2 Train,+201–250
2023-06-10,Middleweight,Eryk Anders,Marc-Andre Barriault,129.0,0.0322,2.0,265.87,-265.87,False,13027.45,S2 Train,+100–150
2023-06-10,Flyweight,Jasmine Jasudavicius,Miranda Maverick,214.5,0.1432,2.0,260.55,558.88,True,13586.33,S2 Train,+201–250
2023-06-24,Middleweight,Brendan Allen,Bruno Silva,170.0,0.0916,2.0,271.73,-271.73,False,13314.61,S2 Train,+151–200
2023-07-01,Welterweight,Max Griffin,Michael Morales,210.0,0.1554,2.0,266.29,-266.29,False,13048.31,S2 Train,+201–250
2023-07-08,Welterweight,Niko Price,Robbie Lawler,177.5,0.0777,2.0,260.97,463.22,True,13511.53,S2 Train,+151–200
2023-07-15,Featherweight,Melsik Baghdasaryan,Tucker Lutz,132.5,0.0325,2.0,270.23,-270.23,False,13241.3,S2 Train,+100–150
2023-07-22,Bantamweight,Ketlen Vieira,Pannie Kianzad,132.0,0.0653,2.0,264.83,-264.83,False,12976.47,S2 Train,+100–150
2023-07-22,Lightweight,Joel Alvarez,Marc Diakiese,172.5,0.1236,2.0,259.53,-259.53,False,12716.94,S2 Train,+151–200
2023-08-12,Heavyweight,Chris Daukaus,Khalil Rountree Jr.,155.0,0.0545,2.0,254.34,-254.34,False,12462.6,S2 Train,+151–200
2023-08-19,Flyweight,Andrea Lee,Natalia Silva,262.5,0.1994,2.0,249.25,-249.25,False,12213.35,S2 Train,+251–300
2023-08-19,Middleweight,Brad Tavares,Chris Weidman,190.0,0.1192,2.0,244.27,-244.27,False,11969.08,S2 Train,+151–200
2023-09-09,Heavyweight,Austen Lane,Justin Tafa,165.0,0.1054,2.0,239.38,-239.38,False,11729.7,S2 Train,+151–200
2023-10-14,Featherweight,Darren Elkins,TJ Brown,156.5,0.0816,2.0,234.59,367.14,True,12096.84,S2 Train,+151–200
2023-10-21,Lightweight,Alexander Volkanovski,Islam Makhachev,205.0,0.1244,2.0,241.94,-241.94,False,11854.91,S2 Train,+201–250
2023-11-04,Heavyweight,Don'Tale Mayes,Rodrigo Nascimento,167.5,0.0836,2.0,237.1,-237.1,False,11617.81,S2 Train,+151–200
2023-12-02,Bantamweight,Julia Avila,Miesha Tate,120.0,0.0111,2.0,232.36,278.83,True,11896.63,S2 Train,+100–150
2023-12-09,Bantamweight,Chris Gutierrez,Song Yadong,292.5,0.2228,2.0,237.93,-237.93,False,11658.7,S2 Train,+251–300
2024-01-20,Featherweight,Arnold Allen,Movsar Evloev,165.0,0.0666,2.0,200.0,-200.0,False,9800.0,S2 Val,+151–200
2024-01-20,Women's Strawweight Bout,Gillian Robertson,Polyana Viana,240.0,0.1517,2.0,196.0,-196.0,False,9604.0,S2 Val,+201–250
2024-02-03,Featherweight,Blake Bilder,JeongYeong Lee,147.5,0.0666,2.0,192.08,-192.08,False,9411.92,S2 Val,+100–150
2024-02-10,Featherweight,Andre Fili,Dan Ige,160.0,0.0882,2.0,188.24,-188.24,False,9223.68,S2 Val,+151–200
2024-02-17,Middleweight,Paulo Costa,Robert Whittaker,179.5,0.1012,2.0,184.47,-184.47,False,9039.21,S2 Val,+151–200
2024-02-17,Flyweight,Andrea Lee,Miranda Maverick,162.5,0.0734,2.0,180.78,-180.78,False,8858.42,S2 Val,+151–200
2024-03-02,Flyweight,Alex Perez,Muhammad Mokaev,297.5,0.2342,2.0,177.17,-177.17,False,8681.26,S2 Val,+251–300
2024-03-02,Heavyweight,Tyson Pedro,Vitor Petrino,325.0,0.2006,2.0,173.63,-173.63,False,8507.63,S2 Val,+301–350
2024-03-09,Flyweight,Katlyn Cerminara,Maycee Barber,152.0,0.0936,2.0,170.15,-170.15,False,8337.48,S2 Val,+151–200
2024-03-16,Bantamweight,Macy Chiasson,Pannie Kianzad,200.0,0.1707,2.0,166.75,-166.75,False,8170.73,S2 Val,+151–200
2024-03-23,Middleweight,AJ Dobson,Edmen Shahbazyan,160.0,0.0985,2.0,163.41,-163.41,False,8007.31,S2 Val,+151–200
2024-03-30,Featherweight,Jamall Emmers,Nate Landwehr,257.5,0.1777,2.0,160.15,412.38,True,8419.69,S2 Val,+251–300
2024-04-06,Welterweight,Alex Morono,Court McGee,260.0,0.1754,2.0,168.39,-168.39,False,8251.3,S2 Val,+251–300
2024-04-13,Bantamweight,Cody Garbrandt,Deiveson Figueiredo,275.0,0.2315,2.0,165.03,-165.03,False,8086.27,S2 Val,+251–300
2024-04-27,Flyweight,Alex Perez,Matheus Nicolau,150.0,0.0601,2.0,161.73,242.59,True,8328.86,S2 Val,+100–150
2024-05-18,Middleweight,Abus Magomedov,Warlley Alves,242.5,0.187,2.0,166.58,-166.58,False,8162.28,S2 Val,+201–250
2024-06-01,Welterweight,Elizeu Zaleski dos Santos,Randy Brown,156.5,0.0676,2.0,163.25,-163.25,False,7999.04,S2 Val,+151–200
2024-06-01,Bantamweight,Ailin Perez,Joselyne Edwards,175.0,0.0851,2.0,159.98,-159.98,False,7839.06,S2 Val,+151–200
2024-06-08,Heavyweight,Dominick Reyes,Dustin Jacoby,187.5,0.1384,2.0,156.78,293.96,True,8133.02,S2 Val,+151–200
2024-06-22,Heavyweight,Johnny Walker,Volkan Oezdemir,111.0,0.0176,2.0,162.66,180.55,True,8313.57,S2 Val,+100–150
2024-06-29,Catch Weight Bout,Dan Ige,Diego Lopes,230.0,0.1703,2.0,166.27,-166.27,False,8147.3,S2 Val,+201–250
2024-06-29,Heavyweight,Alex Pereira,Jiri Prochazka,122.0,0.0307,2.0,162.95,-162.95,False,7984.36,S2 Val,+100–150
2024-07-13,Flyweight,Charles Johnson,Joshua Van,220.0,0.1465,2.0,159.69,351.31,True,8335.67,S2 Val,+201–250
2024-07-20,Bantamweight,Brian Kelleher,Cody Gibson,171.5,0.0782,2.0,166.71,-166.71,False,8168.95,S2 Val,+151–200
2024-07-27,Middleweight,Christian Leroy Duncan,Gregory Rodrigues,105.0,-0.0084,2.0,163.38,171.55,True,8340.5,S2 Val,+100–150
2024-07-27,Flyweight,Manel Kape,Muhammad Mokaev,170.0,0.0838,2.0,166.81,-166.81,False,8173.69,S2 Val,+151–200
2024-07-27,Welterweight,Belal Muhammad,Leon Edwards,211.5,0.1736,2.0,163.47,345.75,True,8519.44,S2 Val,+201–250
2024-08-10,Bantamweight,Chelsea Chandler,Yana Santos,126.0,0.0545,2.0,170.39,-170.39,False,8349.05,S2 Val,+100–150
2024-08-10,Bantamweight,Karol Rosa,Pannie Kianzad,209.0,0.1125,2.0,166.98,-166.98,False,8182.07,S2 Val,+201–250
2024-08-17,Flyweight,Kai Kara-France,Steve Erceg,217.5,0.1816,2.0,163.64,355.92,True,8537.99,S2 Val,+201–250
2024-09-07,Welterweight,Gilbert Burns,Sean Brady,162.5,0.068,2.0,170.76,-170.76,False,8367.23,S2 Val,+151–200
2024-09-07,Featherweight,Kyle Nelson,Steve Garcia,175.5,0.0823,2.0,167.34,-167.34,False,8199.88,S2 Val,+151–200
2024-09-28,Middleweight,Brendan Allen,Nassourdine Imavov,175.0,0.0977,2.0,164.0,-164.0,False,8035.89,S2 Val,+151–200
2024-10-26,Middleweight,Abus Magomedov,Brunno Ferreira,134.0,0.0212,2.0,160.72,-160.72,False,7875.17,S2 Val,+100–150
2024-10-26,Welterweight,Geoff Neal,Rafael Dos Anjos,212.5,0.1278,2.0,157.5,-157.5,False,7717.67,S2 Val,+201–250
2024-11-02,Bantamweight,Charles Jourdain,Victor Henry,130.0,0.0384,2.0,154.35,-154.35,False,7563.31,S2 Val,+100–150
2024-11-02,Flyweight,Ariane da Silva,Jasmine Jasudavicius,192.5,0.1574,2.0,151.27,-151.27,False,7412.05,S2 Val,+151–200
2024-11-02,Heavyweight,Alexandr Romanov,Rodrigo Nascimento,116.0,0.0226,2.0,148.24,-148.24,False,7263.81,S2 Val,+100–150
2024-11-02,Bantamweight,Aiemann Zahabi,Pedro Munhoz,170.0,0.0809,2.0,145.28,-145.28,False,7118.53,S2 Val,+151–200
2024-11-09,Welterweight,Charles Radtke,Matthew Semelsberger,144.0,0.0673,2.0,142.37,-142.37,False,6976.16,S2 Val,+100–150
2024-11-16,Lightweight,Charles Oliveira,Michael Chandler,207.5,0.1462,2.0,139.52,-139.52,False,6836.64,S2 Val,+201–250
2024-11-16,Flyweight,Karine Silva,Viviane Araujo,237.5,0.1639,2.0,136.73,324.74,True,7161.38,S2 Val,+201–250
2024-11-16,Welterweight,Mickey Gall,Ramiz Brahimaj,150.0,0.1083,2.0,143.23,214.84,True,7376.22,S2 Val,+100–150
2024-12-07,Welterweight,Themba Gorimbo,Vicente Luque,135.0,0.0259,2.0,147.52,199.16,True,7575.37,S2 Val,+100–150
2024-12-07,Welterweight,Max Griffin,Michael Chiesa,115.5,0.0092,2.0,151.51,-151.51,False,7423.87,S2 Val,+100–150
2024-12-07,Flyweight,Cody Durden,Joshua Van,150.0,0.0656,2.0,148.48,-148.48,False,7275.39,S2 Val,+100–150
2024-12-14,Lightweight,Michael Johnson,Ottman Azaitar,197.5,0.1363,2.0,145.51,-145.51,False,7129.88,S2 Val,+151–200
2024-12-14,Flyweight,Bruno Silva,Manel Kape,325.0,0.2384,2.0,142.6,-142.6,False,6987.28,S2 Val,+301–350
2024-12-14,Featherweight,Billy Quarantillo,Cub Swanson,152.5,0.0765,2.0,139.75,213.11,True,7200.4,S2 Val,+151–200
2024-12-14,Welterweight,Colby Covington,Joaquin Buckley,175.0,0.0938,2.0,144.01,-144.01,False,7056.39,S2 Val,+151–200
2025-01-11,Welterweight,Punahele Soriano,Uros Medic,186.5,0.1232,2.0,141.13,263.2,True,7319.59,S2 Val,+151–200
2025-01-11,Welterweight,Carlston Harris,Santiago Ponzinibbio,130.0,0.0576,2.0,146.39,-146.39,False,7173.2,S2 Val,+100–150
2025-02-01,Heavyweight,Jairzinho Rozenstruik,Sergei Pavlovich,230.0,0.1524,2.0,143.46,-143.46,False,7029.74,S2 Val,+201–250
2025-02-08,Featherweight,Gabriel Santos,Jack Jenkins,177.5,0.1242,2.0,140.59,-140.59,False,6889.14,S2 Val,+151–200
2025-03-01,Featherweight,Chepe Mariscal,Ricardo Ramos,245.0,0.1484,2.0,137.78,-137.78,False,6751.36,S2 Val,+201–250
2025-03-08,Lightweight,Ignacio Bahamondes,Jalin Turner,116.0,-0.0111,2.0,135.03,-135.03,False,6616.33,S2 Val,+100–150
2025-03-15,Welterweight,Chidi Njokuani,Elizeu Zaleski dos Santos,167.5,0.0815,2.0,132.33,221.65,True,6837.98,S2 Val,+151–200
2025-03-22,Welterweight,Gunnar Nelson,Kevin Holland,111.0,0.0163,2.0,136.76,151.8,True,6989.78,S2 Val,+100–150
2025-03-22,Welterweight,Leon Edwards,Sean Brady,108.5,-0.0262,2.0,139.8,-139.8,False,6849.99,S2 Val,+100–150
2025-03-29,Lightweight,Rafa Garcia,Vinc Pichel,265.0,0.2079,2.0,137.0,-137.0,False,6712.99,S2 Val,+251–300
2025-03-29,Flyweight,CJ Vergara,Edgar Chairez,217.5,0.1828,2.0,134.26,-134.26,False,6578.73,S2 Val,+201–250
2025-03-29,Women's Strawweight Bout,Julia Polastri,Loopy Godinez,195.0,0.1191,2.0,131.57,-131.57,False,6447.15,S2 Val,+151–200
2025-04-12,Lightweight,Michael Chandler,Paddy Pimblett,131.0,0.0464,2.0,128.94,-128.94,False,6318.21,S2 Val,+100–150
2025-04-26,Flyweight,Jimmy Flick,Matt Schnell,134.0,0.0315,2.0,126.36,-126.36,False,6191.84,S2 Val,+100–150
2025-04-26,Featherweight,David Onama,Giga Chikadze,171.5,0.0884,2.0,123.84,-123.84,False,6068.01,S2 Val,+151–200
2025-05-03,Bantamweight,Daniel Marcos,Montel Jackson,199.0,0.1591,2.0,121.36,-121.36,False,5946.65,S2 Val,+151–200
2025-05-03,Flyweight,Ivana Petrovic,Juliana Miller,192.5,0.1238,2.0,118.93,228.95,True,6175.59,S2 Val,+151–200
2025-05-10,Welterweight,Charles Radtke,Mike Malott,170.0,0.0752,2.0,123.51,-123.51,False,6052.08,S2 Val,+151–200
2025-05-17,Women's Strawweight Bout,Luana Pinheiro,Tecia Pennington,245.0,0.1798,2.0,121.04,-121.04,False,5931.04,S2 Val,+201–250
2025-05-31,Featherweight,Ketlen Vieira,Macy Chiasson,122.5,0.016,2.0,118.62,145.31,True,6076.35,S2 Val,+100–150
2025-06-07,Bantamweight,Merab Dvalishvili,Sean O'Malley,197.5,0.1057,2.0,121.53,-121.53,False,5954.82,S2 Val,+151–200
2025-06-14,Welterweight,Court McGee,Michael Chiesa,260.0,0.1946,2.0,119.1,-119.1,False,5835.73,S2 Val,+251–300
2025-06-14,Bantamweight,Cody Garbrandt,Raoni Barcelos,212.5,0.1343,2.0,116.71,-116.71,False,5719.01,S2 Val,+201–250
2025-06-14,Bantamweight,Cameron Smotherman,Ricky Simon,335.0,0.2587,2.0,114.38,-114.38,False,5604.63,S2 Val,+301–350
2025-06-14,Welterweight,Ange Loosa,Phil Rowe,141.0,0.0547,2.0,112.09,158.05,True,5762.68,S2 Val,+100–150
2025-06-21,Featherweight,Bogdan Grad,Muhammad Naimov,207.5,0.1194,2.0,115.25,-115.25,False,5647.43,S2 Val,+201–250
2025-06-21,Lightweight,Nazim Sadykhov,Nikolas Motta,340.0,0.2581,2.0,112.95,-112.95,False,5534.48,S2 Val,+301–350
2025-07-19,Middleweight,Brendan Allen,Marvin Vettori,200.0,0.1425,2.0,110.69,-110.69,False,5423.79,S2 Val,+151–200
2025-07-26,Bantamweight,Da'Mon Blackshear,Davey Grant,280.0,0.1709,2.0,108.48,303.73,True,5727.52,S2 Val,+251–300
2025-08-02,Lightweight,Chris Duncan,Mateusz Rebecki,190.0,0.1253,2.0,114.55,217.65,True,5945.17,S2 Val,+151–200
2025-08-02,Featherweight,Danny Silva,Kevin Vallejos,320.0,0.2317,2.0,118.9,-118.9,False,5826.27,S2 Val,+301–350
2025-08-02,Middleweight,Rodolfo Vieira,Tresean Gore,197.5,0.1185,2.0,116.53,-116.53,False,5709.74,S2 Val,+151–200
2025-08-16,Middleweight,Dricus Du Plessis,Khamzat Chimaev,185.0,0.1371,2.0,114.19,-114.19,False,5595.55,S2 Val,+151–200
2025-08-16,Welterweight,Carlos Prates,Geoff Neal,157.5,0.091,2.0,111.91,-111.91,False,5483.63,S2 Val,+151–200
2025-09-06,Women's Strawweight Bout,Sam Hughes,Shauna Bannon,215.0,0.1592,2.0,109.67,-109.67,False,5373.96,S2 Val,+201–250
2025-09-13,Women's Strawweight Bout,Amanda Lemos,Tatiana Suarez,335.0,0.2203,2.0,107.48,-107.48,False,5266.48,S2 Val,+301–350
2025-09-13,Middleweight,Dusko Todorovic,Jose Daniel Medina,300.0,0.2261,2.0,105.33,-105.33,False,5161.15,S2 Val,+251–300
2025-09-27,Heavyweight,Carlos Ulberg,Dominick Reyes,200.0,0.1591,2.0,103.22,-103.22,False,5057.93,S2 Val,+151–200
2025-09-27,Lightweight,Charlie Campbell,Tom Nolan,131.0,0.0703,2.0,101.16,-101.16,False,4956.77,S2 Val,+100–150
2025-09-27,Featherweight,Jack Jenkins,Ramon Taveras,230.0,0.1336,2.0,99.14,-99.14,False,4857.64,S2 Val,+201–250
2025-09-27,Lightweight,Jamie Mullarkey,Rolando Bedoya,107.5,0.0225,2.0,97.15,-97.15,False,4760.48,S2 Val,+100–150
2025-10-04,Bantamweight,Macy Chiasson,Yana Santos,170.0,0.1259,2.0,95.21,161.86,True,4922.34,S2 Val,+151–200
2025-10-04,Heavyweight,Alex Pereira,Magomed Ankalaev,180.0,0.1193,2.0,98.45,177.2,True,5099.54,S2 Val,+151–200
2025-10-18,Bantamweight,Charles Jourdain,Davey Grant,150.0,0.0402,2.0,101.99,-101.99,False,4997.55,S2 Val,+100–150
2025-10-18,Bantamweight,Aoriqileng,Cody Gibson,160.0,0.1158,2.0,99.95,159.92,True,5157.47,S2 Val,+151–200
2025-10-25,UFC Women's Strawweight Title Bout,Mackenzie Dern,Virna Jandiroba,115.0,0.021,2.0,103.15,-103.15,False,5054.33,S2 Val,+100–150
2025-11-01,Featherweight,David Onama,Steve Garcia,114.0,-0.0216,2.0,101.09,-101.09,False,4953.24,S2 Val,+100–150
2025-11-01,Catch Weight Bout,Allan Nascimento,Cody Durden,257.5,0.1692,2.0,99.06,-99.06,False,4854.17,S2 Val,+251–300
2025-11-08,Middleweight,Christian Leroy Duncan,Marco Tulio,136.5,0.0546,2.0,97.08,132.52,True,4986.69,S2 Val,+100–150
2025-11-08,Bantamweight,Daniel Marcos,Miles Johns,152.5,0.1059,2.0,99.73,-99.73,False,4886.96,S2 Val,+151–200
2025-11-15,Middleweight,Gregory Rodrigues,Roman Kopylov,162.5,0.0766,2.0,97.74,-97.74,False,4789.22,S2 Val,+151–200
2025-11-22,Heavyweight,Shamil Gaziev,Waldo Cortes Acosta,132.5,0.0462,2.0,95.78,-95.78,False,4693.44,S2 Val,+100–150
2025-12-13,Flyweight,Brandon Royval,Manel Kape,205.0,0.1406,2.0,93.87,-93.87,False,4599.57,S2 Val,+201–250
2025-12-13,Featherweight,Melquizael Costa,Morgan Charriere,131.5,0.0302,2.0,91.99,-91.99,False,4507.58,S2 Val,+100–150
2026-01-24,Heavyweight,Modestas Bukauskas,Nikita Krylov,113.0,-0.0148,2.0,90.15,101.87,True,4609.45,S2 Val,+100–150
2026-01-31,Featherweight,Alexander Volkanovski,Diego Lopes,128.0,0.0577,2.0,92.19,-92.19,False,4517.26,S2 Val,+100–150
2026-01-31,Heavyweight,Billy Elekana,Junior Tafa,217.5,0.1828,2.0,90.35,-90.35,False,4426.91,S2 Val,+201–250
2026-02-07,Heavyweight,Rizvan Kuniev,Jailton Almeida,147.5,0.0904,2.0,88.54,130.59,True,4557.51,S2 Val,+100–150
2026-02-07,Flyweight,Kyoji Horiguchi,Amir Albazi,280.0,0.2097,2.0,91.15,-91.15,False,4466.36,S2 Val,+251–300
